ansatz,block,case,v_m_per_s,lambda_ueV,geometry,dP_v,dchi_phi
A,1,case_i_center,5.0,0.5,baseline,-0.0004645984692039917,-0.001365844620730069
A,1,case_i_center,5.0,0.5,depth_nm+,0.00013170403208722162,0.002780509921741378
A,1,case_i_center,5.0,0.5,depth_nm-,-0.00018570360111491713,-0.0005500960571167715
A,1,case_i_center,5.0,0.5,half_x_nm+,0.000684987678319253,0.0014218937364002225
A,1,case_i_center,5.0,0.5,half_x_nm-,0.0003458973695589507,-0.000407763904148567
A,1,case_i_center,5.0,0.5,half_z_nm+,-0.0005202770554537939,0.0005228226142598175
A,1,case_i_center,5.0,0.5,half_z_nm-,0.00028138230283521193,0.0006768596997201413
A,1,case_i_center,5.0,0.5,period_nm+,0.0005229440027652577,-0.0007422812668562932
A,1,case_i_center,5.0,0.5,period_nm-,-0.0003583987805962363,-0.002265881314821803
A,1,case_i_center,5.0,1.0,baseline,0.0011154452153274153,0.007549780066888618
A,1,case_i_center,5.0,1.0,depth_nm+,-0.002909722961648986,0.019778389935574438
A,1,case_i_center,5.0,1.0,depth_nm-,0.0005480578481124598,0.0032218192731980557
A,1,case_i_center,5.0,1.0,half_x_nm+,-0.0008627731179493558,0.007415047280856438
A,1,case_i_center,5.0,1.0,half_x_nm-,0.0011184238253975909,0.003343588422062874
A,1,case_i_center,5.0,1.0,half_z_nm+,-0.0010029570914302788,0.10980946741020002
A,1,case_i_center,5.0,1.0,half_z_nm-,-0.0005906220985966992,0.0035773103742925867
A,1,case_i_center,5.0,1.0,period_nm+,0.0004351031332998611,-0.005145354578211592
A,1,case_i_center,5.0,1.0,period_nm-,0.0007563504776101349,0.007699175915650239
A,1,case_i_center,10.0,0.5,baseline,-0.00013548469879695602,-1.133079727454276e-05
A,1,case_i_center,10.0,0.5,depth_nm+,-0.00011619117947963414,7.613483543513606e-05
A,1,case_i_center,10.0,0.5,depth_nm-,-8.143404478377914e-05,-1.325987982043881e-05
A,1,case_i_center,10.0,0.5,half_x_nm+,-5.46821371977136e-05,6.926130405114487e-05
A,1,case_i_center,10.0,0.5,half_x_nm-,-4.24536310920931e-05,-2.9208799956446566e-05
A,1,case_i_center,10.0,0.5,half_z_nm+,0.0001713168298038692,-8.38702540678605e-06
A,1,case_i_center,10.0,0.5,half_z_nm-,-6.396642581549261e-05,2.6530913083319652e-05
A,1,case_i_center,10.0,0.5,period_nm+,-4.7179501485583586e-05,7.8524466691306e-05
A,1,case_i_center,10.0,0.5,period_nm-,-5.2849781478236935e-05,-4.014703790812166e-05
A,1,case_i_center,10.0,1.0,baseline,5.065346074817345e-05,-0.00016867163918396824
A,1,case_i_center,10.0,1.0,depth_nm+,0.0004191400564929615,0.00012868697885683742
A,1,case_i_center,10.0,1.0,depth_nm-,1.908351888912918e-05,-0.00010513029479402558
A,1,case_i_center,10.0,1.0,half_x_nm+,0.00015845656177135292,0.0001890444354210429
A,1,case_i_center,10.0,1.0,half_x_nm-,-5.144689263114621e-05,-0.00013001488200705096
A,1,case_i_center,10.0,1.0,half_z_nm+,-0.00024513765750500127,0.00017043567101781643
A,1,case_i_center,10.0,1.0,half_z_nm-,0.00012759230581071979,8.558364152166779e-05
A,1,case_i_center,10.0,1.0,period_nm+,-0.00022151993993885233,0.00011475158891184227
A,1,case_i_center,10.0,1.0,period_nm-,0.0001015485196875221,-0.0003680607804099385
A,1,case_i_center,20.0,0.5,baseline,-2.393448068180315e-05,-7.590988635477507e-07
A,1,case_i_center,20.0,0.5,depth_nm+,4.4636779138025606e-05,-1.5249902187860581e-06
A,1,case_i_center,20.0,0.5,depth_nm-,2.6573084455687457e-05,3.810552019779462e-07
A,1,case_i_center,20.0,0.5,half_x_nm+,-3.792237775525689e-05,1.2752851326786413e-06
A,1,case_i_center,20.0,0.5,half_x_nm-,-2.6566745791947732e-05,-1.016106171349363e-06
A,1,case_i_center,20.0,0.5,half_z_nm+,-1.3199332515895223e-05,-4.600478073515444e-06
A,1,case_i_center,20.0,0.5,half_z_nm-,-2.4117612218932383e-05,8.173995933425822e-07
A,1,case_i_center,20.0,0.5,period_nm+,-5.006878985029661e-05,1.215630172218811e-06
A,1,case_i_center,20.0,0.5,period_nm-,-1.4125594257681506e-05,-5.030405048843774e-07
A,1,case_i_center,20.0,1.0,baseline,-0.00010666738739242843,-3.0053841652083516e-06
A,1,case_i_center,20.0,1.0,depth_nm+,0.00014226354896823556,3.5751127225309813e-06
A,1,case_i_center,20.0,1.0,depth_nm-,6.50619251560125e-05,2.2678533400276875e-06
A,1,case_i_center,20.0,1.0,half_x_nm+,-0.00012904905250797627,2.6222093985389574e-06
A,1,case_i_center,20.0,1.0,half_x_nm-,-4.978839809380298e-05,-4.360428518374751e-06
A,1,case_i_center,20.0,1.0,half_z_nm+,4.7057443504916474e-05,-1.4708373202473986e-05
A,1,case_i_center,20.0,1.0,half_z_nm-,-7.978381705997517e-05,1.9331736420585294e-06
A,1,case_i_center,20.0,1.0,period_nm+,-6.695071213008719e-05,7.258542768280103e-06
A,1,case_i_center,20.0,1.0,period_nm-,-0.00010293413618001068,-3.2535139221989093e-06
A_pocket,1,case_i_center,5.0,0.5,baseline,-0.00014450243794666973,-0.00014626025601977705
A_pocket,1,case_i_center,5.0,0.5,depth_nm+,9.043401048199668e-05,0.0004864911366689387
A_pocket,1,case_i_center,5.0,0.5,depth_nm-,-6.107871890334571e-05,-6.0897985873899956e-05
A_pocket,1,case_i_center,5.0,0.5,half_x_nm+,0.00017562412708831826,0.00016964608022970729
A_pocket,1,case_i_center,5.0,0.5,half_x_nm-,6.70247863958015e-05,-0.0001172384833716309
A_pocket,1,case_i_center,5.0,0.5,half_z_nm+,-0.00011672717015228859,0.00011245478370616388
A_pocket,1,case_i_center,5.0,0.5,half_z_nm-,8.487459553872465e-05,8.634515124276683e-05
A_pocket,1,case_i_center,5.0,0.5,period_nm+,9.056360713337319e-05,2.2962818181476198e-05
A_pocket,1,case_i_center,5.0,0.5,period_nm-,-0.00013957041837652645,-0.0002739603002370316
A_pocket,1,case_i_center,5.0,1.0,baseline,-0.0004453686736781426,-0.0012052395731439094
A_pocket,1,case_i_center,5.0,1.0,depth_nm+,-1.2131234756653647e-05,0.0023336779100745914
A_pocket,1,case_i_center,5.0,1.0,depth_nm-,-0.0001109423169811663,-0.0004977715687841397
A_pocket,1,case_i_center,5.0,1.0,half_x_nm+,0.0006133982320196303,0.001329515740993402
A_pocket,1,case_i_center,5.0,1.0,half_x_nm-,0.00046866148302709965,-0.0002327098895885376
A_pocket,1,case_i_center,5.0,1.0,half_z_nm+,-0.0008036015630720345,2.701942522595306e-05
A_pocket,1,case_i_center,5.0,1.0,half_z_nm-,0.00026780655545440447,0.0006447018205232493
A_pocket,1,case_i_center,5.0,1.0,period_nm+,0.0006691562470069468,-0.0007648717494880344
A_pocket,1,case_i_center,5.0,1.0,period_nm-,-0.0003506175364652031,-0.0019743465728073936
A_pocket,1,case_i_center,10.0,0.5,baseline,-3.181110311000976e-05,-1.541302326823926e-06
A_pocket,1,case_i_center,10.0,0.5,depth_nm+,-2.8555504850901522e-05,1.2759403274635248e-05
A_pocket,1,case_i_center,10.0,0.5,depth_nm-,-2.2791305636291753e-05,-1.9864663012003885e-06
A_pocket,1,case_i_center,10.0,0.5,half_x_nm+,-8.484671331647833e-06,1.1055039172181715e-05
A_pocket,1,case_i_center,10.0,0.5,half_x_nm-,-6.510254821720518e-06,-5.2582621340311795e-06
A_pocket,1,case_i_center,10.0,0.5,half_z_nm+,2.279370181485288e-05,-3.680243879543451e-06
A_pocket,1,case_i_center,10.0,0.5,half_z_nm-,-6.768188222354031e-06,4.833561575735254e-06
A_pocket,1,case_i_center,10.0,0.5,period_nm+,-1.702322725603833e-05,1.1016727052873666e-05
A_pocket,1,case_i_center,10.0,0.5,period_nm-,-3.510581699645021e-08,-6.030371537910648e-06
A_pocket,1,case_i_center,10.0,1.0,baseline,3.020785419034777e-05,-9.84311653898733e-06
A_pocket,1,case_i_center,10.0,1.0,depth_nm+,6.0013458547985427e-05,3.534617265313431e-05
A_pocket,1,case_i_center,10.0,1.0,depth_nm-,5.640850848892542e-06,-9.204668369726388e-06
A_pocket,1,case_i_center,10.0,1.0,half_x_nm+,2.3596468887112157e-05,3.6522057957829874e-05
A_pocket,1,case_i_center,10.0,1.0,half_x_nm-,1.840476341598285e-05,-2.043115068658453e-05
A_pocket,1,case_i_center,10.0,1.0,half_z_nm+,-9.767889395963236e-05,1.4955366975921962e-06
A_pocket,1,case_i_center,10.0,1.0,half_z_nm-,3.1786794082120165e-05,1.5168466873217117e-05
A_pocket,1,case_i_center,10.0,1.0,period_nm+,-3.870762766583491e-05,4.13937342607346e-05
A_pocket,1,case_i_center,10.0,1.0,period_nm-,8.228970158634386e-05,-2.8515928201093468e-05
A_pocket,1,case_i_center,20.0,0.5,baseline,1.5342567149211062e-07,-1.5004144501148888e-07
A_pocket,1,case_i_center,20.0,0.5,depth_nm+,1.2239234977446181e-05,-4.6033812310201916e-07
A_pocket,1,case_i_center,20.0,0.5,depth_nm-,6.687416997492104e-06,3.2425024191288027e-08
A_pocket,1,case_i_center,20.0,0.5,half_x_nm+,-1.0278095803535094e-05,2.623259559564656e-07
A_pocket,1,case_i_center,20.0,0.5,half_x_nm-,-8.719857615807278e-06,-1.775513437702926e-07
A_pocket,1,case_i_center,20.0,0.5,half_z_nm+,-8.762736898846463e-06,-6.239641037019872e-07
A_pocket,1,case_i_center,20.0,0.5,half_z_nm-,-6.05572598800716e-06,1.353829211067776e-07
A_pocket,1,case_i_center,20.0,0.5,period_nm+,-1.322947667407523e-05,3.67200574443588e-08
A_pocket,1,case_i_center,20.0,0.5,period_nm-,-1.2295095586783988e-06,4.754725053421696e-08
A_pocket,1,case_i_center,20.0,1.0,baseline,-2.2374012657859488e-05,-3.3400041624271764e-07
A_pocket,1,case_i_center,20.0,1.0,depth_nm+,3.247813107348785e-05,-4.056594281675414e-07
A_pocket,1,case_i_center,20.0,1.0,depth_nm-,1.9861658210874183e-05,2.3972133375918695e-07
A_pocket,1,case_i_center,20.0,1.0,half_x_nm+,-3.041382768139214e-05,8.408054211171622e-07
A_pocket,1,case_i_center,20.0,1.0,half_x_nm-,-1.7736121413952644e-05,-4.609510280148088e-07
A_pocket,1,case_i_center,20.0,1.0,half_z_nm+,-4.706082701033676e-06,-1.7088446068930826e-06
A_pocket,1,case_i_center,20.0,1.0,half_z_nm-,-1.9171932044096535e-05,4.7014167398048366e-07
A_pocket,1,case_i_center,20.0,1.0,period_nm+,-1.9267386907467765e-05,4.970036479576875e-07
A_pocket,1,case_i_center,20.0,1.0,period_nm-,-3.1012672258086404e-05,-7.298999430683758e-08
B_x,1,case_i_center,5.0,0.5,baseline,-6.463934167610236e-05,-5.7995745457335105e-05
B_x,1,case_i_center,5.0,0.5,depth_nm+,8.947862688788626e-05,0.00040613636272638677
B_x,1,case_i_center,5.0,0.5,depth_nm-,-2.1308732981419748e-05,-1.2703834683051168e-05
B_x,1,case_i_center,5.0,0.5,half_x_nm+,6.358499188523995e-05,4.609474392791406e-05
B_x,1,case_i_center,5.0,0.5,half_x_nm-,3.986353098506257e-05,-7.066689473826443e-05
B_x,1,case_i_center,5.0,0.5,half_z_nm+,-4.4678393246745315e-05,7.320463168052679e-05
B_x,1,case_i_center,5.0,0.5,half_z_nm-,2.691790264788222e-05,2.4559293919562252e-05
B_x,1,case_i_center,5.0,0.5,period_nm+,8.449318757496743e-06,1.0842618652225425e-05
B_x,1,case_i_center,5.0,0.5,period_nm-,-0.00022616707693513816,-0.000627210045243352
B_x,1,case_i_center,5.0,1.0,baseline,-0.0003179559930729797,-0.00030805384127039447
B_x,1,case_i_center,5.0,1.0,depth_nm+,0.00040479349710216203,0.0021253140583858063
B_x,1,case_i_center,5.0,1.0,depth_nm-,-0.00010532983232537652,-6.687820056344891e-05
B_x,1,case_i_center,5.0,1.0,half_x_nm+,0.0003058743328414222,0.0002608416173466802
B_x,1,case_i_center,5.0,1.0,half_x_nm-,0.00015885028083284514,-0.0003692060053437224
B_x,1,case_i_center,5.0,1.0,half_z_nm+,-0.00033632777946270703,0.0004332583452974319
B_x,1,case_i_center,5.0,1.0,half_z_nm-,0.00018133491940912003,0.00013720046837996294
B_x,1,case_i_center,5.0,1.0,period_nm+,9.694559528056201e-05,5.330088173659091e-05
B_x,1,case_i_center,5.0,1.0,period_nm-,-0.000767164318967839,-0.004080415503824628
B_x,1,case_i_center,10.0,0.5,baseline,-1.5295851967606078e-05,-8.386279987246045e-07
B_x,1,case_i_center,10.0,0.5,depth_nm+,-2.5111909338032794e-05,9.849419981292941e-06
B_x,1,case_i_center,10.0,0.5,depth_nm-,-6.70773213961879e-06,-5.211495680402351e-07
B_x,1,case_i_center,10.0,0.5,half_x_nm+,-3.4095656064053064e-06,3.8176729703909285e-06
B_x,1,case_i_center,10.0,0.5,half_x_nm-,-2.93428625447803e-06,-2.8243418261512726e-06
B_x,1,case_i_center,10.0,0.5,half_z_nm+,1.0946152233159631e-05,-1.716134866173156e-06
B_x,1,case_i_center,10.0,0.5,half_z_nm-,-2.8028237165142597e-06,1.724751330638559e-06
B_x,1,case_i_center,10.0,0.5,period_nm+,-5.547834532606058e-06,1.5824514677381663e-06
B_x,1,case_i_center,10.0,0.5,period_nm-,-1.65526671039376e-05,-1.3758335221628016e-05
B_x,1,case_i_center,10.0,1.0,baseline,1.666163771060769e-05,-2.8314162084915138e-06
B_x,1,case_i_center,10.0,1.0,depth_nm+,5.4227838765852354e-05,3.441723852607977e-05
B_x,1,case_i_center,10.0,1.0,depth_nm-,1.1214744198885518e-06,-1.7991263703059847e-06
B_x,1,case_i_center,10.0,1.0,half_x_nm+,7.0564372506409356e-06,1.3157517136112439e-05
B_x,1,case_i_center,10.0,1.0,half_x_nm-,1.8812144346833093e-05,-1.0092548377313513e-05
B_x,1,case_i_center,10.0,1.0,half_z_nm+,-5.9411854549995535e-05,-5.292214097207576e-06
B_x,1,case_i_center,10.0,1.0,half_z_nm-,9.458899041285811e-06,5.976387551726129e-06
B_x,1,case_i_center,10.0,1.0,period_nm+,-9.61018661496671e-06,5.903163035444927e-06
B_x,1,case_i_center,10.0,1.0,period_nm-,0.00013490374263000482,-4.836655775149884e-05
B_x,1,case_i_center,20.0,0.5,baseline,1.6965310147207258e-06,-9.386451110881216e-08
B_x,1,case_i_center,20.0,0.5,depth_nm+,1.0410341292616324e-05,-2.125264110783737e-07
B_x,1,case_i_center,20.0,0.5,depth_nm-,2.000022268299883e-06,1.3339981369560921e-08
B_x,1,case_i_center,20.0,0.5,half_x_nm+,-4.542868366247139e-06,5.738282502201135e-08
B_x,1,case_i_center,20.0,0.5,half_x_nm-,-5.254271421739794e-06,-1.1142272977867154e-07
B_x,1,case_i_center,20.0,0.5,half_z_nm+,-5.614075867221499e-06,-3.261776246507361e-07
B_x,1,case_i_center,20.0,0.5,half_z_nm-,-2.8057342118523784e-06,3.479545722312119e-08
B_x,1,case_i_center,20.0,0.5,period_nm+,-3.408364049462334e-06,2.76666939603244e-08
B_x,1,case_i_center,20.0,0.5,period_nm-,-3.3703760597726673e-06,-3.8091392603107927e-07
B_x,1,case_i_center,20.0,1.0,baseline,-8.896833550910144e-06,-2.938130491624794e-07
B_x,1,case_i_center,20.0,1.0,depth_nm+,2.653808683599282e-05,-7.775891024441227e-07
B_x,1,case_i_center,20.0,1.0,depth_nm-,4.636509994295629e-06,3.539134163512007e-08
B_x,1,case_i_center,20.0,1.0,half_x_nm+,-1.1352583337289127e-05,1.6076106269104315e-07
B_x,1,case_i_center,20.0,1.0,half_x_nm-,-9.187157001183666e-06,-3.4577154836024296e-07
B_x,1,case_i_center,20.0,1.0,half_z_nm+,-2.0076615575154166e-06,-1.010495541277126e-06
B_x,1,case_i_center,20.0,1.0,half_z_nm-,-7.3987762141212304e-06,1.0203450662949758e-07
B_x,1,case_i_center,20.0,1.0,period_nm+,-1.7695744041392597e-06,8.944014834084849e-08
B_x,1,case_i_center,20.0,1.0,period_nm-,-5.59750991312169e-05,-1.0721503604860716e-06
B_z,1,case_i_center,5.0,0.5,baseline,-0.0005319884720778045,-0.0009749523122594573
B_z,1,case_i_center,5.0,0.5,depth_nm+,0.0003959917510211827,0.002857753531864125
B_z,1,case_i_center,5.0,0.5,depth_nm-,-0.00024400317849654352,-0.00044933669600645673
B_z,1,case_i_center,5.0,0.5,half_x_nm+,0.0006726714935215289,0.0013493219300643967
B_z,1,case_i_center,5.0,0.5,half_x_nm-,0.0002678600514641194,-0.0005878707537713473
B_z,1,case_i_center,5.0,0.5,half_z_nm+,-0.0005433874200811151,0.0009169551227675805
B_z,1,case_i_center,5.0,0.5,half_z_nm-,0.00035070079047418157,0.0005853550913554684
B_z,1,case_i_center,5.0,0.5,period_nm+,0.00048619695701110355,-0.0004216785019285985
B_z,1,case_i_center,5.0,0.5,period_nm-,-0.0003816308213730468,-0.0019423887383348565
B_z,1,case_i_center,5.0,1.0,baseline,-0.0005928284761217983,0.043482242166994416
B_z,1,case_i_center,5.0,1.0,depth_nm+,-0.0003919917093580874,0.014232326110065868
B_z,1,case_i_center,5.0,1.0,depth_nm-,-1.2172263198939604e-05,0.010671685973747026
B_z,1,case_i_center,5.0,1.0,half_x_nm+,0.000857524477870672,0.007392975818337668
B_z,1,case_i_center,5.0,1.0,half_x_nm-,0.0011147925807077352,0.003269841534376503
B_z,1,case_i_center,5.0,1.0,half_z_nm+,-0.001744222324552569,0.013762032560287308
B_z,1,case_i_center,5.0,1.0,half_z_nm-,0.00032481193357334444,0.0032692529831964655
B_z,1,case_i_center,5.0,1.0,period_nm+,0.0013661930258984517,-0.005538868005732282
B_z,1,case_i_center,5.0,1.0,period_nm-,-0.00030473431252087124,0.5844522132764355
B_z,1,case_i_center,10.0,0.5,baseline,-0.0001425023917599466,-1.3778859580450319e-05
B_z,1,case_i_center,10.0,0.5,depth_nm+,-0.00015126862237233724,6.694877724483408e-05
B_z,1,case_i_center,10.0,0.5,depth_nm-,-9.338639161166062e-05,-1.3259091198879723e-05
B_z,1,case_i_center,10.0,0.5,half_x_nm+,-6.10561743537661e-05,6.391830300001087e-05
B_z,1,case_i_center,10.0,0.5,half_x_nm-,-3.264080374623668e-05,-3.32446565626019e-05
B_z,1,case_i_center,10.0,0.5,half_z_nm+,0.0001462668646045051,-4.656500543029677e-06
B_z,1,case_i_center,10.0,0.5,half_z_nm-,-4.879691222876674e-05,2.5999284455987864e-05
B_z,1,case_i_center,10.0,0.5,period_nm+,-3.069629521987305e-05,7.47199298086667e-05
B_z,1,case_i_center,10.0,0.5,period_nm-,-5.6349781270351174e-05,-3.85118967373328e-05
B_z,1,case_i_center,10.0,1.0,baseline,0.00012298641720248638,-2.6213089593514873e-05
B_z,1,case_i_center,10.0,1.0,depth_nm+,0.0003232781840116772,0.00023544735674246192
B_z,1,case_i_center,10.0,1.0,depth_nm-,4.887939751291315e-05,-3.942289757691914e-05
B_z,1,case_i_center,10.0,1.0,half_x_nm+,0.00012125330143505919,0.0002049399201069011
B_z,1,case_i_center,10.0,1.0,half_x_nm-,2.0658213247704005e-05,-0.00017745135878315696
B_z,1,case_i_center,10.0,1.0,half_z_nm+,-0.0003143842149603282,0.00013383775779931856
B_z,1,case_i_center,10.0,1.0,half_z_nm-,0.00011245205596511348,8.574047823531295e-05
B_z,1,case_i_center,10.0,1.0,period_nm+,-9.949822957250332e-05,0.0005696131078582109
B_z,1,case_i_center,10.0,1.0,period_nm-,0.00016428595416528857,-0.00017254955486511363
B_z,1,case_i_center,20.0,0.5,baseline,-1.559395413670145e-05,-1.3254706104482466e-06
B_z,1,case_i_center,20.0,0.5,depth_nm+,5.2191905553680695e-05,-1.2774400412632016e-06
B_z,1,case_i_center,20.0,0.5,depth_nm-,2.5667357743300312e-05,3.84773088041153e-07
B_z,1,case_i_center,20.0,0.5,half_x_nm+,-4.86881589026808e-05,9.854566719412003e-07
B_z,1,case_i_center,20.0,0.5,half_x_nm-,-2.8934126244703484e-05,-1.2253605991390016e-06
B_z,1,case_i_center,20.0,0.5,half_z_nm+,-1.2846725496284961e-05,-3.63199252356232e-06
B_z,1,case_i_center,20.0,0.5,half_z_nm-,-3.0353677148334257e-05,5.32239178666843e-07
B_z,1,case_i_center,20.0,0.5,period_nm+,-4.168676766337642e-05,1.4753196035749644e-06
B_z,1,case_i_center,20.0,0.5,period_nm-,-1.2811553819797039e-05,-1.0713886296729073e-06
B_z,1,case_i_center,20.0,1.0,baseline,-0.0001001991797657531,-3.829540689168334e-06
B_z,1,case_i_center,20.0,1.0,depth_nm+,0.00016132516237613026,-4.529480424445855e-07
B_z,1,case_i_center,20.0,1.0,depth_nm-,7.293524156103126e-05,1.731694888878202e-06
B_z,1,case_i_center,20.0,1.0,half_x_nm+,-0.0001436801650707975,3.8338372505607196e-06
B_z,1,case_i_center,20.0,1.0,half_x_nm-,-6.490442494330728e-05,-4.1095271194708334e-06
B_z,1,case_i_center,20.0,1.0,half_z_nm+,2.2218012045271962e-05,-1.3099138855232862e-05
B_z,1,case_i_center,20.0,1.0,half_z_nm-,-9.36399615473621e-05,1.93048990063629e-06
B_z,1,case_i_center,20.0,1.0,period_nm+,-6.38965796440627e-05,6.275036552181258e-06
B_z,1,case_i_center,20.0,1.0,period_nm-,-0.00010580629791601126,-3.3685171325044334e-06
A,1,case_ii_edge,5.0,0.5,baseline,0.005024796742693738,0.0166415802302243
A,1,case_ii_edge,5.0,0.5,depth_nm+,-0.0032211521028122914,-0.0005760742197448154
A,1,case_ii_edge,5.0,0.5,depth_nm-,0.00017263764840325102,-0.004798320588819606
A,1,case_ii_edge,5.0,0.5,half_x_nm+,0.004246692445391727,0.010401483423638086
A,1,case_ii_edge,5.0,0.5,half_x_nm-,-0.0006130628551314354,0.004859040953070076
A,1,case_ii_edge,5.0,0.5,half_z_nm+,0.005164273981144614,0.013961476667623318
A,1,case_ii_edge,5.0,0.5,half_z_nm-,0.0010055016202868278,-0.0011404421532005687
A,1,case_ii_edge,5.0,0.5,period_nm+,0.0015687040519191398,-0.006214477957358772
A,1,case_ii_edge,5.0,0.5,period_nm-,-0.0006271283171037784,9.146342827251919e-05
A,1,case_ii_edge,5.0,1.0,baseline,0.007409819570808551,0.050431932210017294
A,1,case_ii_edge,5.0,1.0,depth_nm+,0.009646885091044777,0.10667407036076104
A,1,case_ii_edge,5.0,1.0,depth_nm-,-0.00427167260236927,-0.03759382832430631
A,1,case_ii_edge,5.0,1.0,half_x_nm+,-0.00016449883280775235,-0.00014206452143322723
A,1,case_ii_edge,5.0,1.0,half_x_nm-,0.005921010493932427,0.04946795308728916
A,1,case_ii_edge,5.0,1.0,half_z_nm+,-0.000974884345394389,0.010836099941348265
A,1,case_ii_edge,5.0,1.0,half_z_nm-,-0.003572727920643004,-0.034774234279063274
A,1,case_ii_edge,5.0,1.0,period_nm+,-0.011402836038287512,-0.061263808160514785
A,1,case_ii_edge,5.0,1.0,period_nm-,0.002260270439685075,0.0028604139509805894
A,1,case_ii_edge,10.0,0.5,baseline,0.0002886426474757245,-0.0015962518240996981
A,1,case_ii_edge,10.0,0.5,depth_nm+,-0.0011615400334380188,-0.006716847132447162
A,1,case_ii_edge,10.0,0.5,depth_nm-,-0.0005948652366897789,-0.00034239257439888995
A,1,case_ii_edge,10.0,0.5,half_x_nm+,-0.0008385962713250497,0.0010669654848493373
A,1,case_ii_edge,10.0,0.5,half_x_nm-,0.00026767139364669915,0.0021342899598673984
A,1,case_ii_edge,10.0,0.5,half_z_nm+,0.0007273343359082141,-0.0009308299074372584
A,1,case_ii_edge,10.0,0.5,half_z_nm-,0.0005999547825527793,0.00024907068741778296
A,1,case_ii_edge,10.0,0.5,period_nm+,0.001380028992290394,0.0006933463836247301
A,1,case_ii_edge,10.0,0.5,period_nm-,0.00011702801178222616,1.5188152029667085e-05
A,1,case_ii_edge,10.0,1.0,baseline,0.0017716421811916627,-0.0027017699340840737
A,1,case_ii_edge,10.0,1.0,depth_nm+,-0.0033292771265805154,-0.03264602666612093
A,1,case_ii_edge,10.0,1.0,depth_nm-,-0.002100681903771273,-0.0027055884596313487
A,1,case_ii_edge,10.0,1.0,half_x_nm+,-0.0033404712910815038,0.0016744652267361437
A,1,case_ii_edge,10.0,1.0,half_x_nm-,0.00047588604415489677,0.008912741093036018
A,1,case_ii_edge,10.0,1.0,half_z_nm+,0.0032576914811325297,0.0027414941717620184
A,1,case_ii_edge,10.0,1.0,half_z_nm-,0.002262278880822005,0.0040179249980967086
A,1,case_ii_edge,10.0,1.0,period_nm+,0.0050510197870553275,0.008004798725681512
A,1,case_ii_edge,10.0,1.0,period_nm-,0.00011718563828724826,0.00022680933533902138
A,1,case_ii_edge,20.0,0.5,baseline,-4.1822839304747617e-05,-0.00040897039246143817
A,1,case_ii_edge,20.0,0.5,depth_nm+,-7.11927293523193e-05,-0.0006525272932573767
A,1,case_ii_edge,20.0,0.5,depth_nm-,3.696206445666719e-05,-4.2194025887588686e-05
A,1,case_ii_edge,20.0,0.5,half_x_nm+,5.050616323430679e-05,3.159990527376935e-05
A,1,case_ii_edge,20.0,0.5,half_x_nm-,-0.00010495912114877326,-0.00016297831180578717
A,1,case_ii_edge,20.0,0.5,half_z_nm+,-0.00015901670280055874,-0.0005895620182075068
A,1,case_ii_edge,20.0,0.5,half_z_nm-,-7.547928335834009e-05,-0.0002472538199487836
A,1,case_ii_edge,20.0,0.5,period_nm+,-0.00015601430470379984,-0.00035114378470398836
A,1,case_ii_edge,20.0,0.5,period_nm-,-4.091171385646464e-05,-1.816812415467364e-07
A,1,case_ii_edge,20.0,1.0,baseline,-0.0002767787497719304,-0.0017296189814675466
A,1,case_ii_edge,20.0,1.0,depth_nm+,-0.0004574827762334893,-0.0028598415887560527
A,1,case_ii_edge,20.0,1.0,depth_nm-,-9.201781720068192e-05,-0.00020553468372341756
A,1,case_ii_edge,20.0,1.0,half_x_nm+,-0.00015189437454349308,7.680612077126323e-05
A,1,case_ii_edge,20.0,1.0,half_x_nm-,-8.539677012432689e-05,-0.0005683373845461696
A,1,case_ii_edge,20.0,1.0,half_z_nm+,-0.0004628308398815506,-0.0024975110228838727
A,1,case_ii_edge,20.0,1.0,half_z_nm-,-0.00019690283508819184,-0.0010097435914637968
A,1,case_ii_edge,20.0,1.0,period_nm+,-0.0005058817578805774,-0.0014476702143823138
A,1,case_ii_edge,20.0,1.0,period_nm-,-3.1729525773085965e-05,9.923030990752387e-07
A_pocket,1,case_ii_edge,5.0,0.5,baseline,0.0009243088131096837,0.003142082624416759
A_pocket,1,case_ii_edge,5.0,0.5,depth_nm+,-0.000695948691374933,-0.000455606408209297
A_pocket,1,case_ii_edge,5.0,0.5,depth_nm-,9.451158961666303e-05,-0.0006560119657022523
A_pocket,1,case_ii_edge,5.0,0.5,half_x_nm+,0.0008107740762555186,0.002000988605712184
A_pocket,1,case_ii_edge,5.0,0.5,half_x_nm-,-0.00014693011023237008,0.0006971639097667348
A_pocket,1,case_ii_edge,5.0,0.5,half_z_nm+,0.001030870262696314,0.0027966914622582495
A_pocket,1,case_ii_edge,5.0,0.5,half_z_nm-,0.0002429436801871781,3.9718136919400515e-05
A_pocket,1,case_ii_edge,5.0,0.5,period_nm+,0.0004901025673476854,-0.0005119302397076364
A_pocket,1,case_ii_edge,5.0,0.5,period_nm-,-0.00013999304005559744,7.198361976248598e-06
A_pocket,1,case_ii_edge,5.0,1.0,baseline,0.002660548530834965,0.010546205541123316
A_pocket,1,case_ii_edge,5.0,1.0,depth_nm+,0.00019372862512263833,0.0034120597367838235
A_pocket,1,case_ii_edge,5.0,1.0,depth_nm-,-0.0007063070211135031,-0.004279477638123863
A_pocket,1,case_ii_edge,5.0,1.0,half_x_nm+,0.0011330521839014382,0.0034233008226172146
A_pocket,1,case_ii_edge,5.0,1.0,half_x_nm-,0.0008419438057811063,0.005667582578563396
A_pocket,1,case_ii_edge,5.0,1.0,half_z_nm+,0.0016350266971685845,0.006564145416966927
A_pocket,1,case_ii_edge,5.0,1.0,half_z_nm-,-0.00041094077738040857,-0.0026969771910251294
A_pocket,1,case_ii_edge,5.0,1.0,period_nm+,-0.0012892435214896802,-0.006287183746809727
A_pocket,1,case_ii_edge,5.0,1.0,period_nm-,0.0003573897990418948,8.851574439902067e-05
A_pocket,1,case_ii_edge,10.0,0.5,baseline,3.537950075300708e-05,-0.00024383676957687173
A_pocket,1,case_ii_edge,10.0,0.5,depth_nm+,-0.00019133250106318465,-0.0008685042864719217
A_pocket,1,case_ii_edge,10.0,0.5,depth_nm-,-0.00010152994191275737,-2.0386726577795167e-05
A_pocket,1,case_ii_edge,10.0,0.5,half_x_nm+,-0.00013717887087772232,0.00025827752794654185
A_pocket,1,case_ii_edge,10.0,0.5,half_x_nm-,4.915350511367801e-05,0.0003910278854427074
A_pocket,1,case_ii_edge,10.0,0.5,half_z_nm+,9.827098262494595e-05,-8.322845916378108e-05
A_pocket,1,case_ii_edge,10.0,0.5,half_z_nm-,0.00010574763598516623,5.1789572882005724e-05
A_pocket,1,case_ii_edge,10.0,0.5,period_nm+,0.00025310163544944517,0.00011489586773118232
A_pocket,1,case_ii_edge,10.0,0.5,period_nm-,2.088987526352665e-05,1.192075643469988e-06
A_pocket,1,case_ii_edge,10.0,1.0,baseline,0.00024510213694365485,-0.0008728708110184238
A_pocket,1,case_ii_edge,10.0,1.0,depth_nm+,-0.0007939975729622656,-0.004044229537059296
A_pocket,1,case_ii_edge,10.0,1.0,depth_nm-,-0.0004197949841632659,-0.0002545489811757451
A_pocket,1,case_ii_edge,10.0,1.0,half_x_nm+,-0.0005863122942694025,0.0006518620685580373
A_pocket,1,case_ii_edge,10.0,1.0,half_x_nm-,0.00017093522661972005,0.0016047431921205266
A_pocket,1,case_ii_edge,10.0,1.0,half_z_nm+,0.0004934527969199069,-6.359293837973623e-05
A_pocket,1,case_ii_edge,10.0,1.0,half_z_nm-,0.00047096720914632795,0.0003981643695513404
A_pocket,1,case_ii_edge,10.0,1.0,period_nm+,0.0010358012939665207,0.0007645234099564503
A_pocket,1,case_ii_edge,10.0,1.0,period_nm-,6.730171077294102e-05,1.3043925937660669e-05
A_pocket,1,case_ii_edge,20.0,0.5,baseline,-7.140968450265392e-07,-5.086536763280851e-05
A_pocket,1,case_ii_edge,20.0,0.5,depth_nm+,-3.798640333687285e-06,-7.052638701079972e-05
A_pocket,1,case_ii_edge,20.0,0.5,depth_nm-,6.351423261306138e-06,1.0925699412758783e-06
A_pocket,1,case_ii_edge,20.0,0.5,half_x_nm+,3.141954344183448e-06,2.645262030515072e-05
A_pocket,1,case_ii_edge,20.0,0.5,half_x_nm-,-2.3622523633898447e-05,-1.768800643148216e-05
A_pocket,1,case_ii_edge,20.0,0.5,half_z_nm+,-2.9938493126065342e-05,-7.220987401289e-05
A_pocket,1,case_ii_edge,20.0,0.5,half_z_nm-,-1.6914046318896453e-05,-3.129105253532084e-05
A_pocket,1,case_ii_edge,20.0,0.5,period_nm+,-2.797171501698649e-05,-4.214125847914595e-05
A_pocket,1,case_ii_edge,20.0,0.5,period_nm-,-5.248422130762868e-06,-2.7383086828730043e-08
A_pocket,1,case_ii_edge,20.0,1.0,baseline,-4.885993276304568e-05,-0.00023003473288522175
A_pocket,1,case_ii_edge,20.0,1.0,depth_nm+,-5.231460483733248e-05,-0.0003490347114921688
A_pocket,1,case_ii_edge,20.0,1.0,depth_nm-,-1.95054146798386e-05,-9.160741927602932e-06
A_pocket,1,case_ii_edge,20.0,1.0,half_x_nm+,-2.3888152940862786e-05,6.921347487548815e-05
A_pocket,1,case_ii_edge,20.0,1.0,half_x_nm-,-2.2917071674899425e-05,-8.288993940147073e-05
A_pocket,1,case_ii_edge,20.0,1.0,half_z_nm+,-8.273383993714217e-05,-0.00032664194517549594
A_pocket,1,case_ii_edge,20.0,1.0,half_z_nm-,-4.3521175782306604e-05,-0.00013829347476233649
A_pocket,1,case_ii_edge,20.0,1.0,period_nm+,-0.00011043618266031591,-0.00019142307687419584
A_pocket,1,case_ii_edge,20.0,1.0,period_nm-,-4.6046843388235226e-06,-1.2737131947207992e-07
B_x,1,case_ii_edge,5.0,0.5,baseline,0.008776117924785888,0.03320997539704587
B_x,1,case_ii_edge,5.0,0.5,depth_nm+,-0.006360252547670572,-0.0006297996190097743
B_x,1,case_ii_edge,5.0,0.5,depth_nm-,0.00029973460644314165,-0.009496046950473236
B_x,1,case_ii_edge,5.0,0.5,half_x_nm+,0.00902948234330457,0.026034065554364327
B_x,1,case_ii_edge,5.0,0.5,half_x_nm-,-0.0014126182187157513,0.00834069588549341
B_x,1,case_ii_edge,5.0,0.5,half_z_nm+,0.00941866909404468,0.028351229126068744
B_x,1,case_ii_edge,5.0,0.5,half_z_nm-,0.002519817828816856,-0.0009335705376389697
B_x,1,case_ii_edge,5.0,0.5,period_nm+,0.002250188173816073,-0.004010951369635488
B_x,1,case_ii_edge,5.0,0.5,period_nm-,-0.0015599061811152615,0.0007969570786456885
B_x,1,case_ii_edge,5.0,1.0,baseline,0.01571392731476741,0.1339130834615885
B_x,1,case_ii_edge,5.0,1.0,depth_nm+,0.0005552361540165363,0.1013144145772451
B_x,1,case_ii_edge,5.0,1.0,depth_nm-,-0.005495271402704338,-0.035308181577586514
B_x,1,case_ii_edge,5.0,1.0,half_x_nm+,0.004476293626478778,0.16067941768441935
B_x,1,case_ii_edge,5.0,1.0,half_x_nm-,0.005100230860980798,0.07831975782367107
B_x,1,case_ii_edge,5.0,1.0,half_z_nm+,0.009186715696972464,0.12944147652943006
B_x,1,case_ii_edge,5.0,1.0,half_z_nm-,-0.003239190685403348,0.009929999725564576
B_x,1,case_ii_edge,5.0,1.0,period_nm+,-0.004816164017399593,-0.02254705105889447
B_x,1,case_ii_edge,5.0,1.0,period_nm-,0.006017669414332516,0.02023344367599649
B_x,1,case_ii_edge,10.0,0.5,baseline,0.000694068930117378,-0.002655901038403498
B_x,1,case_ii_edge,10.0,0.5,depth_nm+,-0.0020788745661734914,-0.010814736739129582
B_x,1,case_ii_edge,10.0,0.5,depth_nm-,-0.0012255483436155873,-0.000807046412255024
B_x,1,case_ii_edge,10.0,0.5,half_x_nm+,-0.0017178158013071779,0.001796831832901316
B_x,1,case_ii_edge,10.0,0.5,half_x_nm-,0.00045695354463423177,0.003486269502419738
B_x,1,case_ii_edge,10.0,0.5,half_z_nm+,0.0012733006923827117,-0.001338635277963282
B_x,1,case_ii_edge,10.0,0.5,half_z_nm-,0.0013118194170139569,0.0006665109054768067
B_x,1,case_ii_edge,10.0,0.5,period_nm+,0.0014115537947528081,0.0008514179975788704
B_x,1,case_ii_edge,10.0,0.5,period_nm-,0.00040779592248020927,0.0001373789961264668
B_x,1,case_ii_edge,10.0,1.0,baseline,0.002740573117448686,-0.004565233500609563
B_x,1,case_ii_edge,10.0,1.0,depth_nm+,-0.007145689638380248,-0.052271974360992485
B_x,1,case_ii_edge,10.0,1.0,depth_nm-,-0.0037112940098131264,-0.0030965494799597947
B_x,1,case_ii_edge,10.0,1.0,half_x_nm+,-0.005758150327889067,0.011409679535310108
B_x,1,case_ii_edge,10.0,1.0,half_x_nm-,0.001256725641420861,0.015092844522122235
B_x,1,case_ii_edge,10.0,1.0,half_z_nm+,0.004670007142694166,0.004507656888260866
B_x,1,case_ii_edge,10.0,1.0,half_z_nm-,0.004323535663323261,0.008187368757096539
B_x,1,case_ii_edge,10.0,1.0,period_nm+,0.0048892375476161515,0.006717336314147494
B_x,1,case_ii_edge,10.0,1.0,period_nm-,0.0005892054997771665,0.0019233020409076056
B_x,1,case_ii_edge,20.0,0.5,baseline,-0.00013077106781549802,-0.0007663301622492825
B_x,1,case_ii_edge,20.0,0.5,depth_nm+,-0.00014813027366276932,-0.0012939874234419932
B_x,1,case_ii_edge,20.0,0.5,depth_nm-,6.0155593153324305e-05,-0.00012757674157802025
B_x,1,case_ii_edge,20.0,0.5,half_x_nm+,0.00011068934450562257,-0.00015328802710400102
B_x,1,case_ii_edge,20.0,0.5,half_x_nm-,-0.00014721804158943086,-0.00020937428041459608
B_x,1,case_ii_edge,20.0,0.5,half_z_nm+,-0.0002478909185692213,-0.0010924671494827107
B_x,1,case_ii_edge,20.0,0.5,half_z_nm-,-0.0001442828091928125,-0.00047644941965235485
B_x,1,case_ii_edge,20.0,0.5,period_nm+,-0.00016820269770525392,-0.0003182561910783062
B_x,1,case_ii_edge,20.0,0.5,period_nm-,-0.0001417875676713795,1.5942279678951328e-07
B_x,1,case_ii_edge,20.0,1.0,baseline,-0.0005456002156631057,-0.003268950576182589
B_x,1,case_ii_edge,20.0,1.0,depth_nm+,-0.0008762922148697477,-0.00511521207559415
B_x,1,case_ii_edge,20.0,1.0,depth_nm-,-0.00018629229336591946,-0.0004141723685495034
B_x,1,case_ii_edge,20.0,1.0,half_x_nm+,-0.00027634649801677735,-0.0001087534804478825
B_x,1,case_ii_edge,20.0,1.0,half_x_nm-,-9.408023997838078e-05,-0.000743110216398014
B_x,1,case_ii_edge,20.0,1.0,half_z_nm+,-0.00074772036116455,-0.0046221043308804916
B_x,1,case_ii_edge,20.0,1.0,half_z_nm-,-0.0003323308233098843,-0.002010332675822556
B_x,1,case_ii_edge,20.0,1.0,period_nm+,-0.0004862299231639944,-0.001343425161014493
B_x,1,case_ii_edge,20.0,1.0,period_nm-,-7.055760729679506e-05,4.513830605445351e-06
B_z,1,case_ii_edge,5.0,0.5,baseline,0.0047997654378117115,0.017725344685939504
B_z,1,case_ii_edge,5.0,0.5,depth_nm+,-0.0037270995694221876,-0.002563979665603955
B_z,1,case_ii_edge,5.0,0.5,depth_nm-,0.0003454920528735972,-0.004114489757039687
B_z,1,case_ii_edge,5.0,0.5,half_x_nm+,0.004639295928212259,0.012088550131581666
B_z,1,case_ii_edge,5.0,0.5,half_x_nm-,-0.0008495541535684659,0.003920226194711274
B_z,1,case_ii_edge,5.0,0.5,half_z_nm+,0.00545487799445904,0.01590900618171076
B_z,1,case_ii_edge,5.0,0.5,half_z_nm-,0.0013607663338949944,-0.0005157438515629581
B_z,1,case_ii_edge,5.0,0.5,period_nm+,0.0023262611238090286,-0.0036850936069098422
B_z,1,case_ii_edge,5.0,0.5,period_nm-,-0.0007692943072737379,6.880338537653915e-05
B_z,1,case_ii_edge,5.0,1.0,baseline,0.010539945586742622,0.07423297560094452
B_z,1,case_ii_edge,5.0,1.0,depth_nm+,-0.0005059056323437616,0.03886774957469985
B_z,1,case_ii_edge,5.0,1.0,depth_nm-,-0.0022900220591252074,-0.02025876898495714
B_z,1,case_ii_edge,5.0,1.0,half_x_nm+,0.006547628637702363,0.055256575202899005
B_z,1,case_ii_edge,5.0,1.0,half_x_nm-,0.002054404004517285,0.037280448743468725
B_z,1,case_ii_edge,5.0,1.0,half_z_nm+,0.00719524637877117,0.06906573296504875
B_z,1,case_ii_edge,5.0,1.0,half_z_nm-,-0.0003448707402153306,-0.0021066927627289983
B_z,1,case_ii_edge,5.0,1.0,period_nm+,-0.0030254736074917243,-0.015097209199119666
B_z,1,case_ii_edge,5.0,1.0,period_nm-,0.0007422705316421641,0.0017018524924184155
B_z,1,case_ii_edge,10.0,0.5,baseline,0.0003500857438037755,-0.0014359627252747281
B_z,1,case_ii_edge,10.0,0.5,depth_nm+,-0.0011495288334740783,-0.006406347553477271
B_z,1,case_ii_edge,10.0,0.5,depth_nm-,-0.000577386379352271,-0.0003762902009521868
B_z,1,case_ii_edge,10.0,0.5,half_x_nm+,-0.0008256600573569167,0.0007823637165075559
B_z,1,case_ii_edge,10.0,0.5,half_x_nm-,0.0002574145382314083,0.002067677958862972
B_z,1,case_ii_edge,10.0,0.5,half_z_nm+,0.000722998078126133,-0.0007506757612251447
B_z,1,case_ii_edge,10.0,0.5,half_z_nm-,0.0006515863828723129,0.0002644508708521884
B_z,1,case_ii_edge,10.0,0.5,period_nm+,0.0014154365586239656,0.0008438586065076178
B_z,1,case_ii_edge,10.0,0.5,period_nm-,0.0001375539413031035,1.706714195253442e-05
B_z,1,case_ii_edge,10.0,1.0,baseline,0.001290438500785529,-0.004947558107594847
B_z,1,case_ii_edge,10.0,1.0,depth_nm+,-0.003939715359878332,-0.0313982651570989
B_z,1,case_ii_edge,10.0,1.0,depth_nm-,-0.0019904176530044504,-0.0016174701387258947
B_z,1,case_ii_edge,10.0,1.0,half_x_nm+,-0.002786423699091073,0.004072867009922432
B_z,1,case_ii_edge,10.0,1.0,half_x_nm-,0.0008747420072543199,0.00928712901160264
B_z,1,case_ii_edge,10.0,1.0,half_z_nm+,0.0025076236048300893,-0.0002959881092133576
B_z,1,case_ii_edge,10.0,1.0,half_z_nm-,0.0022692993939936734,0.0024713331780104944
B_z,1,case_ii_edge,10.0,1.0,period_nm+,0.004668519711505059,0.006410612051937586
B_z,1,case_ii_edge,10.0,1.0,period_nm-,0.0004841220194964774,0.0002643485342313596
B_z,1,case_ii_edge,20.0,0.5,baseline,-5.782247411020153e-05,-0.0003890053563114122
B_z,1,case_ii_edge,20.0,0.5,depth_nm+,-8.0656050778765e-05,-0.0007632542818843471
B_z,1,case_ii_edge,20.0,0.5,depth_nm-,2.3780581506514104e-05,-5.970526599043211e-05
B_z,1,case_ii_edge,20.0,0.5,half_x_nm+,3.0327889045569933e-05,-7.363214319363806e-05
B_z,1,case_ii_edge,20.0,0.5,half_x_nm-,-9.677808893522599e-05,-0.00011288981953900754
B_z,1,case_ii_edge,20.0,0.5,half_z_nm+,-0.0001553713398020906,-0.0005943202560803121
B_z,1,case_ii_edge,20.0,0.5,half_z_nm-,-8.302263296076917e-05,-0.00022716787034079457
B_z,1,case_ii_edge,20.0,0.5,period_nm+,-0.0001709573629619099,-0.00030983171887142245
B_z,1,case_ii_edge,20.0,0.5,period_nm-,-4.237223428936107e-05,-1.6600261221923534e-07
B_z,1,case_ii_edge,20.0,1.0,baseline,-0.0002869225710830231,-0.0016156660332464108
B_z,1,case_ii_edge,20.0,1.0,depth_nm+,-0.0004474163126877706,-0.0030341165880368934
B_z,1,case_ii_edge,20.0,1.0,depth_nm-,-9.903203292983831e-05,-0.0002052922547894605
B_z,1,case_ii_edge,20.0,1.0,half_x_nm+,-0.00014535792745160037,-0.00012440658505331534
B_z,1,case_ii_edge,20.0,1.0,half_x_nm-,-5.724576824105154e-05,-0.0004541102515152728
B_z,1,case_ii_edge,20.0,1.0,half_z_nm+,-0.00041270964325129667,-0.0024866682660427512
B_z,1,case_ii_edge,20.0,1.0,half_z_nm-,-0.0001807736117619696,-0.0009418420625859443
B_z,1,case_ii_edge,20.0,1.0,period_nm+,-0.0004842441839993661,-0.0013287061302546975
B_z,1,case_ii_edge,20.0,1.0,period_nm-,-3.0739888756653455e-05,2.0407719978823135e-07
A,2,case_i_center,5.0,0.5,baseline,-0.00033186240783289467,-0.001555114312634668
A,2,case_i_center,5.0,0.5,depth_nm+,0.0003317599939567841,0.0031717471200046737
A,2,case_i_center,5.0,0.5,depth_nm-,-0.00014596148434320444,-0.0006262851121076852
A,2,case_i_center,5.0,0.5,half_x_nm+,0.000511369220507582,0.0016060371259540435
A,2,case_i_center,5.0,0.5,half_x_nm-,0.000129055714618298,-0.0004639542176933455
A,2,case_i_center,5.0,0.5,half_z_nm+,-0.0002284550801926466,0.0005754039366045651
A,2,case_i_center,5.0,0.5,half_z_nm-,0.00021771162792111678,0.0007674360846790722
A,2,case_i_center,5.0,0.5,period_nm+,0.00036131201210440334,-0.0008681398773867375
A,2,case_i_center,5.0,0.5,period_nm-,-0.0004542758416523629,-0.002650059573363929
A,2,case_i_center,5.0,1.0,baseline,0.000776825189448882,0.0062522242630494535
A,2,case_i_center,5.0,1.0,depth_nm+,-0.0021796797506230536,0.01600343997087313
A,2,case_i_center,5.0,1.0,depth_nm-,0.0003706207306203857,0.0026431449374429644
A,2,case_i_center,5.0,1.0,half_x_nm+,-0.0005826385114400812,0.006049720317065684
A,2,case_i_center,5.0,1.0,half_x_nm-,0.0007820431953000223,0.002729475266467214
A,2,case_i_center,5.0,1.0,half_z_nm+,-0.0007566710008318212,0.08694328624415462
A,2,case_i_center,5.0,1.0,half_z_nm-,-0.00038426538515393127,0.002928371833252085
A,2,case_i_center,5.0,1.0,period_nm+,0.00033890600269857784,-0.004157037657247526
A,2,case_i_center,5.0,1.0,period_nm-,0.0004022202453655699,0.0062380439455234395
A,2,case_i_center,10.0,0.5,baseline,5.044719388824781e-05,-1.3526416212969559e-05
A,2,case_i_center,10.0,0.5,depth_nm+,0.00012679320980310202,9.210034992971077e-05
A,2,case_i_center,10.0,0.5,depth_nm-,3.283897753372789e-05,-1.639712268168843e-05
A,2,case_i_center,10.0,0.5,half_x_nm+,3.881690485199596e-05,8.466294776248568e-05
A,2,case_i_center,10.0,0.5,half_x_nm-,3.6392905410354004e-06,-3.541909795663832e-05
A,2,case_i_center,10.0,0.5,half_z_nm+,-0.00011179538114942933,-9.908843943092806e-06
A,2,case_i_center,10.0,0.5,half_z_nm-,3.8762605697019795e-05,3.260132229884798e-05
A,2,case_i_center,10.0,0.5,period_nm+,-3.968384257033164e-05,9.494662507498368e-05
A,2,case_i_center,10.0,0.5,period_nm-,5.547368038875955e-05,-4.937710743974392e-05
A,2,case_i_center,10.0,1.0,baseline,-0.00016130643978412573,-0.0001341820791213824
A,2,case_i_center,10.0,1.0,depth_nm+,-0.0003613293880104229,0.00010913851873857591
A,2,case_i_center,10.0,1.0,depth_nm-,-7.358946043412029e-05,-8.31215565366319e-05
A,2,case_i_center,10.0,1.0,half_x_nm+,-0.00027594103849230833,0.00015449278664116713
A,2,case_i_center,10.0,1.0,half_x_nm-,5.4408457117016695e-05,-0.00010530760469748803
A,2,case_i_center,10.0,1.0,half_z_nm+,0.00046466923845667196,0.00013860960045257084
A,2,case_i_center,10.0,1.0,half_z_nm-,-0.0003263853644774606,6.902302534053824e-05
A,2,case_i_center,10.0,1.0,period_nm+,0.00022734571299437567,9.075327588389863e-05
A,2,case_i_center,10.0,1.0,period_nm-,-0.00013226867482407645,-0.00028454399545880995
A,2,case_i_center,20.0,0.5,baseline,-5.60719843520352e-06,-3.4488359753159404e-07
A,2,case_i_center,20.0,0.5,depth_nm+,0.000120970777348052,-7.568122436225918e-07
A,2,case_i_center,20.0,0.5,depth_nm-,5.155937273434302e-05,2.4298989780520575e-07
A,2,case_i_center,20.0,0.5,half_x_nm+,-8.067009513874901e-05,7.564673071250682e-07
A,2,case_i_center,20.0,0.5,half_x_nm-,-7.14913665505329e-05,-6.031261131632905e-07
A,2,case_i_center,20.0,0.5,half_z_nm+,-5.642882806977667e-05,-2.6625577119745632e-06
A,2,case_i_center,20.0,0.5,half_z_nm-,-5.265176652773096e-05,4.862409979316838e-07
A,2,case_i_center,20.0,0.5,period_nm+,-0.00013800797339673376,7.424844188205311e-07
A,2,case_i_center,20.0,0.5,period_nm-,5.745514081729325e-05,-1.432595147782533e-07
A,2,case_i_center,20.0,1.0,baseline,-9.58482875551836e-05,-3.4352365884351597e-06
A,2,case_i_center,20.0,1.0,depth_nm+,7.684598989923797e-05,3.680514325824462e-06
A,2,case_i_center,20.0,1.0,depth_nm-,4.6055372463160715e-05,2.3358238000031913e-06
A,2,case_i_center,20.0,1.0,half_x_nm+,-7.972835464088723e-05,2.7179869077273625e-06
A,2,case_i_center,20.0,1.0,half_x_nm-,-1.9966813053579058e-05,-4.459793839281264e-06
A,2,case_i_center,20.0,1.0,half_z_nm+,5.093415039608695e-05,-1.541049391875492e-05
A,2,case_i_center,20.0,1.0,half_z_nm-,-4.975205548921058e-05,2.0443147701253897e-06
A,2,case_i_center,20.0,1.0,period_nm+,-2.2488651837737628e-05,7.0916253705417524e-06
A,2,case_i_center,20.0,1.0,period_nm-,-0.00012212110443740598,-3.99894193043286e-06
A_pocket,2,case_i_center,5.0,0.5,baseline,-9.404985183334574e-05,-0.00016695205057572302
A_pocket,2,case_i_center,5.0,0.5,depth_nm+,0.00010707795681163058,0.0005556121185099974
A_pocket,2,case_i_center,5.0,0.5,depth_nm-,-3.8693866685729494e-05,-6.894456943818956e-05
A_pocket,2,case_i_center,5.0,0.5,half_x_nm+,0.00012065578749743955,0.00019192200531478742
A_pocket,2,case_i_center,5.0,0.5,half_x_nm-,1.788258150686728e-05,-0.00013236090779198892
A_pocket,2,case_i_center,5.0,0.5,half_z_nm+,-5.74316359742387e-05,0.00012582651159255467
A_pocket,2,case_i_center,5.0,0.5,half_z_nm-,6.233876421056148e-05,9.791259034266009e-05
A_pocket,2,case_i_center,5.0,0.5,period_nm+,8.394750485755248e-05,2.2227883264325926e-05
A_pocket,2,case_i_center,5.0,0.5,period_nm-,-0.0001761546596571878,-0.00031571370315609457
A_pocket,2,case_i_center,5.0,1.0,baseline,-0.0003586721917266944,-0.000992172691721398
A_pocket,2,case_i_center,5.0,1.0,depth_nm+,4.6013116807864726e-05,0.0018970681331740343
A_pocket,2,case_i_center,5.0,1.0,depth_nm-,-7.891070436377712e-05,-0.0004084181034328905
A_pocket,2,case_i_center,5.0,1.0,half_x_nm+,0.00046919247986016224,0.0010782193052723751
A_pocket,2,case_i_center,5.0,1.0,half_x_nm-,0.00032693013402765314,-0.0002037344209066972
A_pocket,2,case_i_center,5.0,1.0,half_z_nm+,-0.0005642545938646382,2.3458567465582843e-05
A_pocket,2,case_i_center,5.0,1.0,half_z_nm-,0.00019723367876840498,0.000522862074107934
A_pocket,2,case_i_center,5.0,1.0,period_nm+,0.0004151279773882688,-0.0006007683867332555
A_pocket,2,case_i_center,5.0,1.0,period_nm-,-0.0003153769566757447,-0.0016261019346655407
A_pocket,2,case_i_center,10.0,0.5,baseline,1.2863200005607672e-05,-1.5144666865408518e-06
A_pocket,2,case_i_center,10.0,0.5,depth_nm+,2.0077951712305607e-05,1.6464211150491945e-05
A_pocket,2,case_i_center,10.0,0.5,depth_nm-,7.168214919420907e-06,-2.298144068008768e-06
A_pocket,2,case_i_center,10.0,0.5,half_x_nm+,6.117795273582051e-06,1.395002528486219e-05
A_pocket,2,case_i_center,10.0,0.5,half_x_nm-,3.996802093286789e-06,-6.131655221804425e-06
A_pocket,2,case_i_center,10.0,0.5,half_z_nm+,-2.241228088700406e-05,-3.810202277838284e-06
A_pocket,2,case_i_center,10.0,0.5,half_z_nm-,5.695985446655706e-06,6.144791576477408e-06
A_pocket,2,case_i_center,10.0,0.5,period_nm+,-5.406706267141459e-06,1.2377063119079997e-05
A_pocket,2,case_i_center,10.0,0.5,period_nm-,1.0898796314554732e-05,-6.515166992131401e-06
A_pocket,2,case_i_center,10.0,1.0,baseline,-8.891439798811018e-05,-8.425397158570464e-06
A_pocket,2,case_i_center,10.0,1.0,depth_nm+,-9.906931277360934e-05,2.7645354451575265e-05
A_pocket,2,case_i_center,10.0,1.0,depth_nm-,-4.7886271195035635e-05,-7.5248625478728526e-06
A_pocket,2,case_i_center,10.0,1.0,half_x_nm+,-4.857126731560354e-05,2.9109574831243134e-05
A_pocket,2,case_i_center,10.0,1.0,half_x_nm-,-3.394200469508668e-05,-1.6891848294121008e-05
A_pocket,2,case_i_center,10.0,1.0,half_z_nm+,0.00015002897620992883,6.021712802986383e-07
A_pocket,2,case_i_center,10.0,1.0,half_z_nm-,-5.638096722622096e-05,1.2035694318543254e-05
A_pocket,2,case_i_center,10.0,1.0,period_nm+,1.3990279235820413e-05,3.2286054786975e-05
A_pocket,2,case_i_center,10.0,1.0,period_nm-,-0.00010615162939463241,-2.206983525901505e-05
A_pocket,2,case_i_center,20.0,0.5,baseline,1.315160651890919e-05,-1.84159016331695e-08
A_pocket,2,case_i_center,20.0,0.5,depth_nm+,3.9189968132269035e-05,-1.0012590750587281e-07
A_pocket,2,case_i_center,20.0,0.5,depth_nm-,1.5225320822384938e-05,4.1962551632687e-08
A_pocket,2,case_i_center,20.0,0.5,half_x_nm+,-2.362594090852318e-05,2.095068152351966e-07
A_pocket,2,case_i_center,20.0,0.5,half_x_nm-,-2.5860228250297948e-05,-6.023987858863951e-08
A_pocket,2,case_i_center,20.0,0.5,half_z_nm+,-2.6544633401050233e-05,-2.775745743918535e-07
A_pocket,2,case_i_center,20.0,0.5,half_z_nm-,-1.579250487114851e-05,1.1306224787258262e-07
A_pocket,2,case_i_center,20.0,0.5,period_nm+,-4.602274932489006e-05,-2.6251020762186353e-08
A_pocket,2,case_i_center,20.0,0.5,period_nm-,3.068719508062846e-05,1.1868735511043891e-07
A_pocket,2,case_i_center,20.0,1.0,baseline,-2.3017285982994407e-05,-5.049978584121924e-07
A_pocket,2,case_i_center,20.0,1.0,depth_nm+,1.142693542052764e-05,-7.944285823060035e-07
A_pocket,2,case_i_center,20.0,1.0,depth_nm-,1.2511429613587532e-05,2.0032671559775373e-07
A_pocket,2,case_i_center,20.0,1.0,half_x_nm+,-1.8552999556581407e-05,7.707260741801305e-07
A_pocket,2,case_i_center,20.0,1.0,half_x_nm-,-6.630374083077539e-06,-5.612270684301227e-07
A_pocket,2,case_i_center,20.0,1.0,half_z_nm+,1.4635554122233163e-06,-1.934657144157909e-06
A_pocket,2,case_i_center,20.0,1.0,half_z_nm-,-1.0645407906510751e-05,4.2443816413831505e-07
A_pocket,2,case_i_center,20.0,1.0,period_nm+,-6.160883821645924e-07,6.085116303690813e-07
A_pocket,2,case_i_center,20.0,1.0,period_nm-,-4.26617513234126e-05,-3.419452818314775e-07
B_x,2,case_i_center,5.0,0.5,baseline,-3.412317535856149e-05,-6.62619279539296e-05
B_x,2,case_i_center,5.0,0.5,depth_nm+,9.980151245688346e-05,0.0004623805435862941
B_x,2,case_i_center,5.0,0.5,depth_nm-,-1.4454546183349098e-05,-1.4476375201383663e-05
B_x,2,case_i_center,5.0,0.5,half_x_nm+,4.040056772695866e-05,5.244032109993392e-05
B_x,2,case_i_center,5.0,0.5,half_x_nm-,1.1334465433318619e-05,-8.013050172742814e-05
B_x,2,case_i_center,5.0,0.5,half_z_nm+,-8.969054412827707e-06,8.307790014861708e-05
B_x,2,case_i_center,5.0,0.5,half_z_nm-,1.954861712573884e-05,2.7958181787481138e-05
B_x,2,case_i_center,5.0,0.5,period_nm+,2.0490653379591495e-05,1.2777932402069023e-05
B_x,2,case_i_center,5.0,0.5,period_nm-,-0.00026040936410307025,-0.00073217065528813
B_x,2,case_i_center,5.0,1.0,baseline,-0.00023170794303764564,-0.0002504475337828183
B_x,2,case_i_center,5.0,1.0,depth_nm+,0.00033029410421577074,0.0017425865753216748
B_x,2,case_i_center,5.0,1.0,depth_nm-,-7.712133649817599e-05,-5.3712114988010463e-05
B_x,2,case_i_center,5.0,1.0,half_x_nm+,0.00023157753401733747,0.00021149276106449677
B_x,2,case_i_center,5.0,1.0,half_x_nm-,0.00012065477551682913,-0.00030655739312127625
B_x,2,case_i_center,5.0,1.0,half_z_nm+,-0.00020281013380217539,0.00036175927247941025
B_x,2,case_i_center,5.0,1.0,half_z_nm-,0.00012164221353407403,0.00011171283011527072
B_x,2,case_i_center,5.0,1.0,period_nm+,4.3523211215177465e-05,4.560297765648664e-05
B_x,2,case_i_center,5.0,1.0,period_nm-,-0.000516299792794439,-0.003293166277062878
B_x,2,case_i_center,10.0,0.5,baseline,6.157584867815327e-06,-1.0469284116523966e-06
B_x,2,case_i_center,10.0,0.5,depth_nm+,1.8913094992776408e-05,1.182317963962197e-05
B_x,2,case_i_center,10.0,0.5,depth_nm-,2.0008320309765e-06,-6.445876512851121e-07
B_x,2,case_i_center,10.0,0.5,half_x_nm+,2.5097238356189787e-06,4.63886922830658e-06
B_x,2,case_i_center,10.0,0.5,half_x_nm-,2.616212575665827e-06,-3.4692581035521792e-06
B_x,2,case_i_center,10.0,0.5,half_z_nm+,-1.1643404987748615e-05,-2.0562744333022095e-06
B_x,2,case_i_center,10.0,0.5,half_z_nm-,2.475653858782377e-06,2.0991107513048638e-06
B_x,2,case_i_center,10.0,0.5,period_nm+,-1.92803063912058e-06,1.9069669792540255e-06
B_x,2,case_i_center,10.0,0.5,period_nm-,2.6259544624956943e-05,-1.733837653514203e-05
B_x,2,case_i_center,10.0,1.0,baseline,-4.2973279695629474e-05,-2.28681445747531e-06
B_x,2,case_i_center,10.0,1.0,depth_nm+,-7.259411456475053e-05,2.8149882754661243e-05
B_x,2,case_i_center,10.0,1.0,depth_nm-,-1.2169471298801443e-05,-1.4395351713317948e-06
B_x,2,case_i_center,10.0,1.0,half_x_nm+,-1.0630606979861743e-05,1.0655986891247907e-05
B_x,2,case_i_center,10.0,1.0,half_x_nm-,-2.986228221019127e-05,-8.152928170965365e-06
B_x,2,case_i_center,10.0,1.0,half_z_nm+,9.117869204552237e-05,-4.2096128643356965e-06
B_x,2,case_i_center,10.0,1.0,half_z_nm-,-1.4820825910422542e-05,4.84862550989348e-06
B_x,2,case_i_center,10.0,1.0,period_nm+,-7.167272361476018e-07,4.568439482150312e-06
B_x,2,case_i_center,10.0,1.0,period_nm-,-0.00019740265880655028,-3.752588953971441e-05
B_x,2,case_i_center,20.0,0.5,baseline,1.1229372181910911e-05,-5.696828304468425e-08
B_x,2,case_i_center,20.0,0.5,depth_nm+,3.3620776639211106e-05,-1.5951418445211963e-07
B_x,2,case_i_center,20.0,0.5,depth_nm-,5.560279429044079e-06,6.476581604587052e-09
B_x,2,case_i_center,20.0,0.5,half_x_nm+,-1.1516096696383583e-05,2.5887833532682348e-08
B_x,2,case_i_center,20.0,0.5,half_x_nm-,-1.7403393472377113e-05,-6.729749392993152e-08
B_x,2,case_i_center,20.0,0.5,half_z_nm+,-1.911357752711236e-05,-1.9300734675729305e-07
B_x,2,case_i_center,20.0,0.5,half_z_nm-,-8.06825389806161e-06,1.7962954735647855e-08
B_x,2,case_i_center,20.0,0.5,period_nm+,-1.4871202144945816e-05,1.767981004581102e-08
B_x,2,case_i_center,20.0,0.5,period_nm-,4.649529385629403e-05,-2.07732413152174e-07
B_x,2,case_i_center,20.0,1.0,baseline,-1.0559054820367259e-05,-3.044623008215553e-07
B_x,2,case_i_center,20.0,1.0,depth_nm+,8.626140370272123e-06,-7.532428681923789e-07
B_x,2,case_i_center,20.0,1.0,depth_nm-,2.211939211416332e-06,3.923343732386436e-08
B_x,2,case_i_center,20.0,1.0,half_x_nm+,-5.944047141650741e-06,1.8538152726101613e-07
B_x,2,case_i_center,20.0,1.0,half_x_nm-,-1.6100669145251156e-06,-3.600029663820668e-07
B_x,2,case_i_center,20.0,1.0,half_z_nm+,3.3607827445575333e-06,-1.0484066006247522e-06
B_x,2,case_i_center,20.0,1.0,half_z_nm-,-3.386703890222338e-06,1.1107665961754357e-07
B_x,2,case_i_center,20.0,1.0,period_nm+,4.1557350153962475e-06,8.64957888326659e-08
B_x,2,case_i_center,20.0,1.0,period_nm-,-7.033748146237362e-05,-1.2215774051351597e-06
B_z,2,case_i_center,5.0,0.5,baseline,-0.0003485967204028273,-0.001115220759568855
B_z,2,case_i_center,5.0,0.5,depth_nm+,0.0005032094461614548,0.0032533195907134497
B_z,2,case_i_center,5.0,0.5,depth_nm-,-0.00017658390451003037,-0.0005131845381293717
B_z,2,case_i_center,5.0,0.5,half_x_nm+,0.00044730216225805086,0.0015356959393953403
B_z,2,case_i_center,5.0,0.5,half_x_nm-,7.848131429197269e-05,-0.0006655366145071591
B_z,2,case_i_center,5.0,0.5,half_z_nm+,-0.00023251712558436388,0.0010404561800726386
B_z,2,case_i_center,5.0,0.5,half_z_nm-,0.0002416285283979372,0.0006658483586793515
B_z,2,case_i_center,5.0,0.5,period_nm+,0.00032296263382300405,-0.0004973839616635653
B_z,2,case_i_center,5.0,0.5,period_nm-,-0.0004260298769811488,-0.0022672135044284787
B_z,2,case_i_center,5.0,1.0,baseline,-0.00047278095087954775,0.03338917242953466
B_z,2,case_i_center,5.0,1.0,depth_nm+,-0.00011835869251319853,0.011675142005545161
B_z,2,case_i_center,5.0,1.0,depth_nm-,-1.8413122762073186e-05,0.008704365030526512
B_z,2,case_i_center,5.0,1.0,half_x_nm+,0.0006519323125888203,0.006060465500739472
B_z,2,case_i_center,5.0,1.0,half_x_nm-,0.0007586637378809158,0.0026641576033079265
B_z,2,case_i_center,5.0,1.0,half_z_nm+,-0.0011850334001015095,0.01121836232508995
B_z,2,case_i_center,5.0,1.0,half_z_nm-,0.00024706586308899945,0.002679548255785202
B_z,2,case_i_center,5.0,1.0,period_nm+,0.0008922496486091086,-0.004477583567973803
B_z,2,case_i_center,5.0,1.0,period_nm-,-0.00020555349582596083,0.5201055810920852
B_z,2,case_i_center,10.0,0.5,baseline,6.697486079512704e-05,-1.7092894583340583e-05
B_z,2,case_i_center,10.0,0.5,depth_nm+,0.00012444297519946523,8.052435564434753e-05
B_z,2,case_i_center,10.0,0.5,depth_nm-,3.6737954558663244e-05,-1.6326420498905057e-05
B_z,2,case_i_center,10.0,0.5,half_x_nm+,4.374523497788305e-05,7.786104150408438e-05
B_z,2,case_i_center,10.0,0.5,half_x_nm-,1.3703927461999887e-05,-4.072831047755921e-05
B_z,2,case_i_center,10.0,0.5,half_z_nm+,-0.000115434795897984,-5.118332445514071e-06
B_z,2,case_i_center,10.0,0.5,half_z_nm-,3.4404177970908875e-05,3.166982060604255e-05
B_z,2,case_i_center,10.0,0.5,period_nm+,-2.1058659471884233e-05,9.033547127871688e-05
B_z,2,case_i_center,10.0,0.5,period_nm-,5.314460520954023e-05,-4.834913759452458e-05
B_z,2,case_i_center,10.0,1.0,baseline,-0.00029421618332720056,-2.0335356633217818e-05
B_z,2,case_i_center,10.0,1.0,depth_nm+,-0.00045346403037466176,0.0001926931675054564
B_z,2,case_i_center,10.0,1.0,depth_nm-,-0.00015981007932236446,-3.126198099332379e-05
B_z,2,case_i_center,10.0,1.0,half_x_nm+,-0.00023464303349084864,0.0001664842741758805
B_z,2,case_i_center,10.0,1.0,half_x_nm-,-5.617390134587952e-05,-0.0001416656071908455
B_z,2,case_i_center,10.0,1.0,half_z_nm+,0.0005044717767226092,0.00010832224661845287
B_z,2,case_i_center,10.0,1.0,half_z_nm-,-0.0002133038942985152,6.980355950782791e-05
B_z,2,case_i_center,10.0,1.0,period_nm+,9.263677550241933e-05,0.00045478510878818547
B_z,2,case_i_center,10.0,1.0,period_nm-,-0.00026604629996346274,-0.0001333076993908364
B_z,2,case_i_center,20.0,0.5,baseline,7.3420178188163265e-06,-7.959644717827779e-07
B_z,2,case_i_center,20.0,0.5,depth_nm+,0.00012873501754362415,-8.278762741268045e-07
B_z,2,case_i_center,20.0,0.5,depth_nm-,4.923194730591107e-05,2.2146171701814965e-07
B_z,2,case_i_center,20.0,0.5,half_x_nm+,-9.691657620782695e-05,5.366434185168873e-07
B_z,2,case_i_center,20.0,0.5,half_x_nm-,-7.377780213729812e-05,-7.232221359475381e-07
B_z,2,case_i_center,20.0,0.5,half_z_nm+,-4.748820946957888e-05,-2.1556277773117653e-06
B_z,2,case_i_center,20.0,0.5,half_z_nm-,-6.364357758240416e-05,3.0284032044711696e-07
B_z,2,case_i_center,20.0,0.5,period_nm+,-0.0001297563193843887,9.238349219897312e-07
B_z,2,case_i_center,20.0,0.5,period_nm-,6.319191384927814e-05,-5.827327766994695e-07
B_z,2,case_i_center,20.0,1.0,baseline,-8.750542650651227e-05,-3.984968819027787e-06
B_z,2,case_i_center,20.0,1.0,depth_nm+,8.812727542051313e-05,-3.1541978004805615e-07
B_z,2,case_i_center,20.0,1.0,depth_nm-,5.063299525115417e-05,1.8098774928467233e-06
B_z,2,case_i_center,20.0,1.0,half_x_nm+,-9.668560073491927e-05,4.103308372542899e-06
B_z,2,case_i_center,20.0,1.0,half_x_nm-,-3.3953588459145756e-05,-4.317476046300349e-06
B_z,2,case_i_center,20.0,1.0,half_z_nm+,2.3016340479187214e-05,-1.3612256946263404e-05
B_z,2,case_i_center,20.0,1.0,half_z_nm-,-6.132821216688067e-05,2.0212463748333357e-06
B_z,2,case_i_center,20.0,1.0,period_nm+,-1.4634254435430538e-05,6.259157317313672e-06
B_z,2,case_i_center,20.0,1.0,period_nm-,-0.0001236314726254517,-3.818755914502552e-06
A,2,case_ii_edge,5.0,0.5,baseline,0.0044867590818123,0.01839809503634085
A,2,case_ii_edge,5.0,0.5,depth_nm+,0.001208503954783044,-0.0020950367868390884
A,2,case_ii_edge,5.0,0.5,depth_nm-,-0.001561121183617356,-0.006090421716865413
A,2,case_ii_edge,5.0,0.5,half_x_nm+,0.0016930357927913975,0.010093089362459895
A,2,case_ii_edge,5.0,0.5,half_x_nm-,0.0018933677503267382,0.006532594692650717
A,2,case_ii_edge,5.0,0.5,half_z_nm+,0.002164892815692175,0.013766978261525675
A,2,case_ii_edge,5.0,0.5,half_z_nm-,-0.00111452259006313,-0.0024420275074871767
A,2,case_ii_edge,5.0,0.5,period_nm+,-0.002936428980813033,-0.008394196956188885
A,2,case_ii_edge,5.0,0.5,period_nm-,0.0009528719853793,0.0002688250375771932
A,2,case_ii_edge,5.0,1.0,baseline,0.013535215466310119,0.05588452708985078
A,2,case_ii_edge,5.0,1.0,depth_nm+,0.006689658368312534,0.14136028552044821
A,2,case_ii_edge,5.0,1.0,depth_nm-,-0.003973501197061413,-0.04418103986939055
A,2,case_ii_edge,5.0,1.0,half_x_nm+,0.0055642412178381895,-0.00770976807156129
A,2,case_ii_edge,5.0,1.0,half_x_nm-,0.00457688560801317,0.05874629657926725
A,2,case_ii_edge,5.0,1.0,half_z_nm+,0.0045996842523326475,0.00301441687375531
A,2,case_ii_edge,5.0,1.0,half_z_nm-,-0.0012711323008151032,-0.043270010220571115
A,2,case_ii_edge,5.0,1.0,period_nm+,-0.009288477223993896,-0.0776909534326645
A,2,case_ii_edge,5.0,1.0,period_nm-,0.00045949591851013327,0.0029138014712313774
A,2,case_ii_edge,10.0,0.5,baseline,-0.0004201269110002681,-0.0014024792814895243
A,2,case_ii_edge,10.0,0.5,depth_nm+,-0.001114470223287603,-0.006083323977221833
A,2,case_ii_edge,10.0,0.5,depth_nm-,-2.013909398554392e-05,-0.00034771454518070163
A,2,case_ii_edge,10.0,0.5,half_x_nm+,0.00020016824871562505,0.0008464011682665362
A,2,case_ii_edge,10.0,0.5,half_x_nm-,0.00036426759776083187,0.001992151062524733
A,2,case_ii_edge,10.0,0.5,half_z_nm+,-0.00035913882555790866,-0.0006975725001200639
A,2,case_ii_edge,10.0,0.5,half_z_nm-,-4.54909926908692e-05,0.0002775309708207552
A,2,case_ii_edge,10.0,0.5,period_nm+,7.54966666687007e-05,0.0007368861295661382
A,2,case_ii_edge,10.0,0.5,period_nm-,0.00025497503112015263,2.1200030378988672e-05
A,2,case_ii_edge,10.0,1.0,baseline,-0.002913395299713878,-0.0017326724540026595
A,2,case_ii_edge,10.0,1.0,depth_nm+,-0.004721781605020264,-0.03018052599843976
A,2,case_ii_edge,10.0,1.0,depth_nm-,0.0008064062029010943,-0.002693378030506871
A,2,case_ii_edge,10.0,1.0,half_x_nm+,0.0022675367798931645,0.0005313064150760036
A,2,case_ii_edge,10.0,1.0,half_x_nm-,0.0018453679077657381,0.008111568876883392
A,2,case_ii_edge,10.0,1.0,half_z_nm+,-0.002965967512315315,0.003772382828725551
A,2,case_ii_edge,10.0,1.0,half_z_nm-,-0.0012287334851654452,0.003993601045575869
A,2,case_ii_edge,10.0,1.0,period_nm+,-0.0013884217660452974,0.008045029626552482
A,2,case_ii_edge,10.0,1.0,period_nm-,0.001385755485708351,0.00020082896078643642
A,2,case_ii_edge,20.0,0.5,baseline,6.983561506290759e-05,-0.00032914321443225543
A,2,case_ii_edge,20.0,0.5,depth_nm+,5.0587242126070436e-05,-0.0005151343942059183
A,2,case_ii_edge,20.0,0.5,depth_nm-,0.00023248222300834703,-3.210344637075407e-05
A,2,case_ii_edge,20.0,0.5,half_x_nm+,0.00032626994173666143,3.5837970740309685e-05
A,2,case_ii_edge,20.0,0.5,half_x_nm-,-0.00032025422581061225,-0.0001360750960642948
A,2,case_ii_edge,20.0,0.5,half_z_nm+,-0.00021150492663744164,-0.0004780135423108865
A,2,case_ii_edge,20.0,0.5,half_z_nm-,-0.00010504648283805873,-0.00020045782292736538
A,2,case_ii_edge,20.0,0.5,period_nm+,-0.0001012782742999957,-0.0002863599394664178
A,2,case_ii_edge,20.0,0.5,period_nm-,-0.00013359357459514706,-2.8957396294112554e-07
A,2,case_ii_edge,20.0,1.0,baseline,-0.0003468136105113234,-0.0019434123864297652
A,2,case_ii_edge,20.0,1.0,depth_nm+,-0.0005875933950776208,-0.003209279309067621
A,2,case_ii_edge,20.0,1.0,depth_nm-,-0.00023165647962974933,-0.00023311149093788348
A,2,case_ii_edge,20.0,1.0,half_x_nm+,-0.0003696639524045503,7.711514402209893e-05
A,2,case_ii_edge,20.0,1.0,half_x_nm-,5.278029613435542e-05,-0.0006341807527544853
A,2,case_ii_edge,20.0,1.0,half_z_nm+,-0.00046400877742161506,-0.0027985801242426493
A,2,case_ii_edge,20.0,1.0,half_z_nm-,-0.00018322338395213023,-0.0011338701565220249
A,2,case_ii_edge,20.0,1.0,period_nm+,-0.0005278048925018985,-0.0016312924993748465
A,2,case_ii_edge,20.0,1.0,period_nm-,3.717169293990241e-05,1.8975862509964285e-06
A_pocket,2,case_ii_edge,5.0,0.5,baseline,0.0008919746036818612,0.0034863363195716535
A_pocket,2,case_ii_edge,5.0,0.5,depth_nm+,8.405890713151544e-05,-0.0006012122531363628
A_pocket,2,case_ii_edge,5.0,0.5,depth_nm-,-0.0002507041198983491,-0.000845021600102025
A_pocket,2,case_ii_edge,5.0,0.5,half_x_nm+,0.00040031626119383604,0.0020334685004261277
A_pocket,2,case_ii_edge,5.0,0.5,half_x_nm-,0.000333798453554926,0.0009785098899756095
A_pocket,2,case_ii_edge,5.0,0.5,half_z_nm+,0.0005248433576392209,0.002874482297233527
A_pocket,2,case_ii_edge,5.0,0.5,half_z_nm-,-0.00016144893138051591,-0.00013344876676682493
A_pocket,2,case_ii_edge,5.0,0.5,period_nm+,-0.0003030273195873956,-0.0008167660958606632
A_pocket,2,case_ii_edge,5.0,0.5,period_nm-,0.00015794177338727088,3.239650355973695e-05
A_pocket,2,case_ii_edge,5.0,1.0,baseline,0.00397279419126851,0.011910241384973042
A_pocket,2,case_ii_edge,5.0,1.0,depth_nm+,-0.0012277585533157637,0.00628342395448922
A_pocket,2,case_ii_edge,5.0,1.0,depth_nm-,-0.00019535616719086601,-0.0050887255534387416
A_pocket,2,case_ii_edge,5.0,1.0,half_x_nm+,0.0027529229814441877,0.0031318243083988118
A_pocket,2,case_ii_edge,5.0,1.0,half_x_nm-,1.3415209063651068e-05,0.006983987652357471
A_pocket,2,case_ii_edge,5.0,1.0,half_z_nm+,0.003412062190357619,0.006615995394026519
A_pocket,2,case_ii_edge,5.0,1.0,half_z_nm-,0.0005516680414474479,-0.0035105560383837803
A_pocket,2,case_ii_edge,5.0,1.0,period_nm+,0.0002205070611919907,-0.00830512760514271
A_pocket,2,case_ii_edge,5.0,1.0,period_nm-,-0.00025251877239814563,5.7009810166841826e-05
A_pocket,2,case_ii_edge,10.0,0.5,baseline,-8.059802062739853e-05,-0.0002131449489234799
A_pocket,2,case_ii_edge,10.0,0.5,depth_nm+,-0.00017741766690326094,-0.0007902098472150065
A_pocket,2,case_ii_edge,10.0,0.5,depth_nm-,-3.9699123634273636e-07,-2.3392124242516132e-05
A_pocket,2,case_ii_edge,10.0,0.5,half_x_nm+,4.1406710925804245e-05,0.00021805490096088453
A_pocket,2,case_ii_edge,10.0,0.5,half_x_nm-,6.804447377359996e-05,0.00036546019092190823
A_pocket,2,case_ii_edge,10.0,0.5,half_z_nm+,-7.363222925823275e-05,-5.10562664004649e-05
A_pocket,2,case_ii_edge,10.0,0.5,half_z_nm-,-1.0151515300621528e-05,5.5979424336560085e-05
A_pocket,2,case_ii_edge,10.0,0.5,period_nm+,7.711100508091089e-06,0.00012235439449007762
A_pocket,2,case_ii_edge,10.0,0.5,period_nm-,4.2576243399648425e-05,2.466778752614938e-06
A_pocket,2,case_ii_edge,10.0,1.0,baseline,-0.0006286461890126771,-0.0007067443785748612
A_pocket,2,case_ii_edge,10.0,1.0,depth_nm+,-0.0008869546475974432,-0.003886302563979982
A_pocket,2,case_ii_edge,10.0,1.0,depth_nm-,0.00022328731519780792,-0.00026196017556992177
A_pocket,2,case_ii_edge,10.0,1.0,half_x_nm+,0.000590649340180955,0.00046094745842530094
A_pocket,2,case_ii_edge,10.0,1.0,half_x_nm-,0.0004072085648091743,0.0014664862090789377
A_pocket,2,case_ii_edge,10.0,1.0,half_z_nm+,-0.0006781343648575092,0.0001380080028984959
A_pocket,2,case_ii_edge,10.0,1.0,half_z_nm-,-0.00031325641024310125,0.0004195189918187736
A_pocket,2,case_ii_edge,10.0,1.0,period_nm+,-0.0005282169827030975,0.0008305030593257177
A_pocket,2,case_ii_edge,10.0,1.0,period_nm-,0.0002634150759985802,1.118850437807029e-05
A_pocket,2,case_ii_edge,20.0,0.5,baseline,3.5855035301609293e-05,-4.103664579608278e-05
A_pocket,2,case_ii_edge,20.0,0.5,depth_nm+,-4.7215981271069365e-06,-5.440460061374719e-05
A_pocket,2,case_ii_edge,20.0,0.5,depth_nm-,4.5910102902438875e-05,1.175064786777466e-06
A_pocket,2,case_ii_edge,20.0,0.5,half_x_nm+,3.6844243830974795e-05,2.3073372319650995e-05
A_pocket,2,case_ii_edge,20.0,0.5,half_x_nm-,-7.282795999387793e-05,-1.5052569282131625e-05
A_pocket,2,case_ii_edge,20.0,0.5,half_z_nm+,-5.800203306699763e-05,-5.8401217196787925e-05
A_pocket,2,case_ii_edge,20.0,0.5,half_z_nm-,-2.683593261573053e-05,-2.5414010490700835e-05
A_pocket,2,case_ii_edge,20.0,0.5,period_nm+,4.0456019064858545e-06,-3.4475958005112696e-05
A_pocket,2,case_ii_edge,20.0,0.5,period_nm-,-1.7930227223870564e-05,-2.7168675331304558e-08
A_pocket,2,case_ii_edge,20.0,1.0,baseline,-7.234571321652547e-05,-0.0002584531414312804
A_pocket,2,case_ii_edge,20.0,1.0,depth_nm+,-6.727918495470601e-05,-0.00039213778829273044
A_pocket,2,case_ii_edge,20.0,1.0,depth_nm-,-4.8296059249691714e-05,-1.0545775096175436e-05
A_pocket,2,case_ii_edge,20.0,1.0,half_x_nm+,-5.6932820818447055e-05,7.644855494783401e-05
A_pocket,2,case_ii_edge,20.0,1.0,half_x_nm-,7.1494985461363625e-06,-9.229947308337337e-05
A_pocket,2,case_ii_edge,20.0,1.0,half_z_nm+,-7.720374460943799e-05,-0.0003660777856465021
A_pocket,2,case_ii_edge,20.0,1.0,half_z_nm-,-4.085797148822498e-05,-0.00015523349782993467
A_pocket,2,case_ii_edge,20.0,1.0,period_nm+,-0.00013235228746572708,-0.0002156550818430223
A_pocket,2,case_ii_edge,20.0,1.0,period_nm-,6.745697180930016e-06,-7.342125475080516e-08
B_x,2,case_ii_edge,5.0,0.5,baseline,0.007833817536373433,0.03702601863034799
B_x,2,case_ii_edge,5.0,0.5,depth_nm+,0.00035226050349622395,-0.0038478250777584933
B_x,2,case_ii_edge,5.0,0.5,depth_nm-,-0.003128081958411938,-0.012403568797121407
B_x,2,case_ii_edge,5.0,0.5,half_x_nm+,0.0034907948448245213,0.02577781788735725
B_x,2,case_ii_edge,5.0,0.5,half_x_nm-,0.0026995703618061667,0.011328796547165954
B_x,2,case_ii_edge,5.0,0.5,half_z_nm+,0.004723575413499818,0.028675868392745163
B_x,2,case_ii_edge,5.0,0.5,half_z_nm-,-0.001825757686020571,-0.0034347742124317404
B_x,2,case_ii_edge,5.0,0.5,period_nm+,-0.0022553745494698907,-0.006022478464493747
B_x,2,case_ii_edge,5.0,0.5,period_nm-,0.0031797699390225254,0.0015781286082940846
B_x,2,case_ii_edge,5.0,1.0,baseline,0.02455038261007693,0.15625552896765285
B_x,2,case_ii_edge,5.0,1.0,depth_nm+,-0.009128926592683662,0.14651069099595593
B_x,2,case_ii_edge,5.0,1.0,depth_nm-,-0.00341145993640507,-0.04130215797095956
B_x,2,case_ii_edge,5.0,1.0,half_x_nm+,0.014988485476977398,0.18303530290518397
B_x,2,case_ii_edge,5.0,1.0,half_x_nm-,2.266649403899479e-05,0.09378020335874682
B_x,2,case_ii_edge,5.0,1.0,half_z_nm+,0.02042878344448179,0.14238040095946847
B_x,2,case_ii_edge,5.0,1.0,half_z_nm-,0.002503760704606006,0.004367474599529825
B_x,2,case_ii_edge,5.0,1.0,period_nm+,0.0012955459324536789,-0.033245036455345184
B_x,2,case_ii_edge,5.0,1.0,period_nm-,0.0025949787532897894,0.02211173890903637
B_x,2,case_ii_edge,10.0,0.5,baseline,-0.0006817007429464339,-0.002310011280317416
B_x,2,case_ii_edge,10.0,0.5,depth_nm+,-0.0019649624338826943,-0.009736778049481476
B_x,2,case_ii_edge,10.0,0.5,depth_nm-,-8.626684741515345e-05,-0.0008192791002111233
B_x,2,case_ii_edge,10.0,0.5,half_x_nm+,0.00039467006427199025,0.0013498110628189439
B_x,2,case_ii_edge,10.0,0.5,half_x_nm-,0.0007025858708642504,0.003255306540496161
B_x,2,case_ii_edge,10.0,0.5,half_z_nm+,-0.0005030081860435687,-0.0009268963871037622
B_x,2,case_ii_edge,10.0,0.5,half_z_nm-,-1.948781061402588e-05,0.0007140046429342829
B_x,2,case_ii_edge,10.0,0.5,period_nm+,7.637538648980896e-05,0.0008742109567678041
B_x,2,case_ii_edge,10.0,0.5,period_nm-,0.0007731876320188208,0.00015193836202813182
B_x,2,case_ii_edge,10.0,1.0,baseline,-0.0051390383090662295,-0.002677599118702495
B_x,2,case_ii_edge,10.0,1.0,depth_nm+,-0.007974740032202582,-0.04874343177694958
B_x,2,case_ii_edge,10.0,1.0,depth_nm-,0.0016343648902902852,-0.003366980616003948
B_x,2,case_ii_edge,10.0,1.0,half_x_nm+,0.0049190379890286795,0.00860864012716063
B_x,2,case_ii_edge,10.0,1.0,half_x_nm-,0.003429361200210871,0.013892106600045744
B_x,2,case_ii_edge,10.0,1.0,half_z_nm+,-0.005114322299578339,0.006539356366913732
B_x,2,case_ii_edge,10.0,1.0,half_z_nm-,-0.002498789395045359,0.00810170617171431
B_x,2,case_ii_edge,10.0,1.0,period_nm+,-0.0023878753411339243,0.006920117213856769
B_x,2,case_ii_edge,10.0,1.0,period_nm-,0.0036873561205337524,0.0017497301070639138
B_x,2,case_ii_edge,20.0,0.5,baseline,-2.236666247323882e-05,-0.0006196829252457271
B_x,2,case_ii_edge,20.0,0.5,depth_nm+,0.00014063408005959843,-0.001028247149633274
B_x,2,case_ii_edge,20.0,0.5,depth_nm-,0.000425008066825959,-9.885918962737866e-05
B_x,2,case_ii_edge,20.0,0.5,half_x_nm+,0.0007123989604623793,-9.987773461671984e-05
B_x,2,case_ii_edge,20.0,0.5,half_x_nm-,-0.000502347760061389,-0.0001772439745146015
B_x,2,case_ii_edge,20.0,0.5,half_z_nm+,-0.0003307526670569272,-0.0008889242412747148
B_x,2,case_ii_edge,20.0,0.5,half_z_nm-,-0.0002595955466825964,-0.0003874117632848024
B_x,2,case_ii_edge,20.0,0.5,period_nm+,-0.0001874467494354798,-0.0002599546210934585
B_x,2,case_ii_edge,20.0,0.5,period_nm-,-0.0005020990711982615,-1.1771815477167597e-07
B_x,2,case_ii_edge,20.0,1.0,baseline,-0.0006465495956246292,-0.0036700118293728785
B_x,2,case_ii_edge,20.0,1.0,depth_nm+,-0.0011737818754818802,-0.005739754099043259
B_x,2,case_ii_edge,20.0,1.0,depth_nm-,-0.00043821573225968913,-0.00047056507183584634
B_x,2,case_ii_edge,20.0,1.0,half_x_nm+,-0.000712886424210718,-0.00014709226514999021
B_x,2,case_ii_edge,20.0,1.0,half_x_nm-,0.00013881519158741307,-0.0008269723722800146
B_x,2,case_ii_edge,20.0,1.0,half_z_nm+,-0.0007635762224014186,-0.00517733263418229
B_x,2,case_ii_edge,20.0,1.0,half_z_nm-,-0.0002780151489911731,-0.0022561905446844615
B_x,2,case_ii_edge,20.0,1.0,period_nm+,-0.0004908324738752967,-0.0015139370385076128
B_x,2,case_ii_edge,20.0,1.0,period_nm-,0.00018149728309146962,6.4158847720831135e-06
B_z,2,case_ii_edge,5.0,0.5,baseline,0.004480473236012025,0.01974254851226162
B_z,2,case_ii_edge,5.0,0.5,depth_nm+,0.00038669631641705116,-0.004352926474054275
B_z,2,case_ii_edge,5.0,0.5,depth_nm-,-0.0014382108302618546,-0.005337818132716748
B_z,2,case_ii_edge,5.0,0.5,half_x_nm+,0.002149381009852791,0.012123973009676686
B_z,2,case_ii_edge,5.0,0.5,half_x_nm-,0.001564250113296986,0.005538641235210168
B_z,2,case_ii_edge,5.0,0.5,half_z_nm+,0.002799648580898803,0.016145882386589705
B_z,2,case_ii_edge,5.0,0.5,half_z_nm-,-0.0008104582161923002,-0.001668031835422204
B_z,2,case_ii_edge,5.0,0.5,period_nm+,-0.0020295113125064768,-0.0056673035389286225
B_z,2,case_ii_edge,5.0,0.5,period_nm-,0.0008485742086292297,0.00023319792695856165
B_z,2,case_ii_edge,5.0,1.0,baseline,0.015201764650850963,0.08577256308727496
B_z,2,case_ii_edge,5.0,1.0,depth_nm+,-0.005930196631982909,0.06283145184462957
B_z,2,case_ii_edge,5.0,1.0,depth_nm-,0.0001965099161113648,-0.02500994445610305
B_z,2,case_ii_edge,5.0,1.0,half_x_nm+,0.01340328439611696,0.0598603441424104
B_z,2,case_ii_edge,5.0,1.0,half_x_nm-,-0.0013587882000246077,0.04569224153022766
B_z,2,case_ii_edge,5.0,1.0,half_z_nm+,0.013875522618790992,0.07459719602887227
B_z,2,case_ii_edge,5.0,1.0,half_z_nm-,0.0037205357361380087,-0.005235853191139353
B_z,2,case_ii_edge,5.0,1.0,period_nm+,0.0031590559099264337,-0.024497167091241764
B_z,2,case_ii_edge,5.0,1.0,period_nm-,-0.0019105167104986054,0.0017603458289230211
B_z,2,case_ii_edge,10.0,0.5,baseline,-0.00037749577331545187,-0.0012562277417853679
B_z,2,case_ii_edge,10.0,0.5,depth_nm+,-0.0011364789098568112,-0.005783316424664009
B_z,2,case_ii_edge,10.0,0.5,depth_nm-,-3.371664790088186e-05,-0.0003801374212374607
B_z,2,case_ii_edge,10.0,0.5,half_x_nm+,0.0001855186539207257,0.0005828903848289005
B_z,2,case_ii_edge,10.0,0.5,half_x_nm-,0.0003874146910837484,0.0019293809975545334
B_z,2,case_ii_edge,10.0,0.5,half_z_nm+,-0.00030194446423952026,-0.0005229876228102781
B_z,2,case_ii_edge,10.0,0.5,half_z_nm-,-1.643877940309818e-05,0.0002920636403682987
B_z,2,case_ii_edge,10.0,0.5,period_nm+,8.064123036156251e-05,0.0008666288186193437
B_z,2,case_ii_edge,10.0,0.5,period_nm-,0.00024338121752435354,2.3425597696948385e-05
B_z,2,case_ii_edge,10.0,1.0,baseline,-0.0029897659466637527,-0.0038633484019083703
B_z,2,case_ii_edge,10.0,1.0,depth_nm+,-0.004484681399131274,-0.029464966898794298
B_z,2,case_ii_edge,10.0,1.0,depth_nm-,0.001049107190469828,-0.001691940432126171
B_z,2,case_ii_edge,10.0,1.0,half_x_nm+,0.0028608761881310507,0.0028206943552053776
B_z,2,case_ii_edge,10.0,1.0,half_x_nm-,0.0018141080815396032,0.008537648400291933
B_z,2,case_ii_edge,10.0,1.0,half_z_nm+,-0.003202945915782268,0.0010580792737268085
B_z,2,case_ii_edge,10.0,1.0,half_z_nm-,-0.001531722743147057,0.0026016942170531826
B_z,2,case_ii_edge,10.0,1.0,period_nm+,-0.0024827320745701847,0.0066585929886563665
B_z,2,case_ii_edge,10.0,1.0,period_nm-,0.0011651509327571252,0.000236818984152062
B_z,2,case_ii_edge,20.0,0.5,baseline,2.2655644383688667e-05,-0.0003149239514340686
B_z,2,case_ii_edge,20.0,0.5,depth_nm+,1.1177409364727248e-05,-0.0006087960455844268
B_z,2,case_ii_edge,20.0,0.5,depth_nm-,0.00019677068979341572,-4.639527925926444e-05
B_z,2,case_ii_edge,20.0,0.5,half_x_nm+,0.00027391688370380016,-4.894636116714417e-05
B_z,2,case_ii_edge,20.0,0.5,half_x_nm-,-0.00034059275563126656,-9.584339089574109e-05
B_z,2,case_ii_edge,20.0,0.5,half_z_nm+,-0.0002735388632479907,-0.0004842314048324782
B_z,2,case_ii_edge,20.0,0.5,half_z_nm-,-0.00016489058651119465,-0.0001848362896631553
B_z,2,case_ii_edge,20.0,0.5,period_nm+,-0.00019523387003425596,-0.0002533297812832057
B_z,2,case_ii_edge,20.0,0.5,period_nm-,-0.00014885108813260384,-2.1854378562977367e-07
B_z,2,case_ii_edge,20.0,1.0,baseline,-0.00035243823296302046,-0.0018139069667021078
B_z,2,case_ii_edge,20.0,1.0,depth_nm+,-0.0005767290732045793,-0.003400443735227174
B_z,2,case_ii_edge,20.0,1.0,depth_nm-,-0.00022552211462309457,-0.00023275260507494427
B_z,2,case_ii_edge,20.0,1.0,half_x_nm+,-0.00034293185229829215,-0.0001494311104122542
B_z,2,case_ii_edge,20.0,1.0,half_x_nm-,9.459352268369192e-05,-0.0005055382898016218
B_z,2,case_ii_edge,20.0,1.0,half_z_nm+,-0.00039070915406325124,-0.002785491366360266
B_z,2,case_ii_edge,20.0,1.0,half_z_nm-,-0.00014514201838891627,-0.0010572604165667125
B_z,2,case_ii_edge,20.0,1.0,period_nm+,-0.000489195143198895,-0.0014972166509901203
B_z,2,case_ii_edge,20.0,1.0,period_nm-,4.598969878685799e-05,8.011951757238337e-07
A,3,case_i_center,5.0,0.5,baseline,-0.00013735008395387993,-0.001863807692181961
A,3,case_i_center,5.0,0.5,depth_nm+,0.0006654664602848883,0.003824121176459732
A,3,case_i_center,5.0,0.5,depth_nm-,-8.858196174565958e-05,-0.0007565862023094089
A,3,case_i_center,5.0,0.5,half_x_nm+,0.00025029049828323435,0.001940374011773753
A,3,case_i_center,5.0,0.5,half_x_nm-,-0.00018828736952816727,-0.000559163088892531
A,3,case_i_center,5.0,0.5,half_z_nm+,0.00023942865292542193,0.0007018649955020835
A,3,case_i_center,5.0,0.5,half_z_nm-,0.0001149950929958711,0.0009259534417615355
A,3,case_i_center,5.0,0.5,period_nm+,-3.00524472483521e-05,-0.0010403694778163292
A,3,case_i_center,5.0,0.5,period_nm-,-0.000418812119723333,-0.003175502448421859
A,3,case_i_center,5.0,1.0,baseline,-0.0005026571799402468,0.0065079103802012095
A,3,case_i_center,5.0,1.0,depth_nm+,0.00011103838453085935,0.017396353537520344
A,3,case_i_center,5.0,1.0,depth_nm-,-0.00019544799382259503,0.00284201844127016
A,3,case_i_center,5.0,1.0,half_x_nm+,0.0006010956077253105,0.006529381953503682
A,3,case_i_center,5.0,1.0,half_x_nm-,-0.00017458805582745707,0.002934322897370845
A,3,case_i_center,5.0,1.0,half_z_nm+,-0.0005067650120931244,0.10258219478394338
A,3,case_i_center,5.0,1.0,half_z_nm-,0.00028519225127127124,0.003146393930761342
A,3,case_i_center,5.0,1.0,period_nm+,0.00032391394243627973,-0.004794948921455494
A,3,case_i_center,5.0,1.0,period_nm-,-0.0008037110117468105,0.006938221695331523
A,3,case_i_center,10.0,0.5,baseline,-5.374327637702736e-05,-1.2678299139332841e-05
A,3,case_i_center,10.0,0.5,depth_nm+,-2.7069615924808776e-06,8.352451596027708e-05
A,3,case_i_center,10.0,0.5,depth_nm-,-2.5696091525972964e-05,-1.47856618039956e-05
A,3,case_i_center,10.0,0.5,half_x_nm+,-1.3333781413865826e-05,7.644945729462212e-05
A,3,case_i_center,10.0,0.5,half_x_nm-,-3.526794907862674e-05,-3.21553432090666e-05
A,3,case_i_center,10.0,0.5,half_z_nm+,8.298558774692821e-05,-9.89190416625168e-06
A,3,case_i_center,10.0,0.5,half_z_nm-,-2.7898031535845275e-05,2.930908922088929e-05
A,3,case_i_center,10.0,0.5,period_nm+,-3.6953518970789245e-05,8.79289185634269e-05
A,3,case_i_center,10.0,0.5,period_nm-,-4.5169735843078596e-05,-4.49827033942756e-05
A,3,case_i_center,10.0,1.0,baseline,-0.00010819151443802744,-0.00018733999854276986
A,3,case_i_center,10.0,1.0,depth_nm+,-0.00012221839496273645,0.00014837872085128015
A,3,case_i_center,10.0,1.0,depth_nm-,-4.61211649336879e-05,-0.00011778677707445467
A,3,case_i_center,10.0,1.0,half_x_nm+,-0.000152727891999771,0.00021351941079574108
A,3,case_i_center,10.0,1.0,half_x_nm-,1.5257658036560429e-05,-0.00014728283324065832
A,3,case_i_center,10.0,1.0,half_z_nm+,0.00029664727312135597,0.000192808095850361
A,3,case_i_center,10.0,1.0,half_z_nm-,-0.00021785930212334104,9.674571535940753e-05
A,3,case_i_center,10.0,1.0,period_nm+,0.00011630500941101074,0.0001202992230644
A,3,case_i_center,10.0,1.0,period_nm-,-8.849699550006473e-05,-0.00040267093338862674
A,3,case_i_center,20.0,0.5,baseline,-1.50382987093578e-05,-6.742809562219078e-07
A,3,case_i_center,20.0,0.5,depth_nm+,6.191956545271993e-05,-1.2331286036759465e-06
A,3,case_i_center,20.0,0.5,depth_nm-,3.13569981785361e-05,2.585691287884896e-07
A,3,case_i_center,20.0,0.5,half_x_nm+,-4.67420230239185e-05,9.083489274152735e-07
A,3,case_i_center,20.0,0.5,half_x_nm-,-3.731561032381536e-05,-7.518848735757698e-07
A,3,case_i_center,20.0,0.5,half_z_nm+,-2.540158864439146e-05,-3.471230078306621e-06
A,3,case_i_center,20.0,0.5,half_z_nm-,-3.014114423966971e-05,5.833466964795028e-07
A,3,case_i_center,20.0,0.5,period_nm+,-7.224754488585616e-05,8.83595784106147e-07
A,3,case_i_center,20.0,0.5,period_nm-,9.200478119600342e-06,-5.863794176196209e-07
A,3,case_i_center,20.0,1.0,baseline,-1.0550898025069033e-05,-4.8471043984591255e-06
A,3,case_i_center,20.0,1.0,depth_nm+,9.956842875175065e-05,4.579650536012589e-06
A,3,case_i_center,20.0,1.0,depth_nm-,4.6578431030383505e-05,2.9565683236837294e-06
A,3,case_i_center,20.0,1.0,half_x_nm+,-8.824582168652506e-05,3.5034965279735392e-06
A,3,case_i_center,20.0,1.0,half_x_nm-,-5.9324036645047595e-05,-5.57893382290051e-06
A,3,case_i_center,20.0,1.0,half_z_nm+,-1.2533262586378324e-05,-1.982494138624621e-05
A,3,case_i_center,20.0,1.0,half_z_nm-,-6.073425811120581e-05,2.6708524809987862e-06
A,3,case_i_center,20.0,1.0,period_nm+,-0.0001265574909112277,9.057344805164982e-06
A,3,case_i_center,20.0,1.0,period_nm-,4.608668214078904e-05,-6.101263353134061e-06
A_pocket,3,case_i_center,5.0,0.5,baseline,-2.4062876680490397e-05,-0.00019960576073047975
A_pocket,3,case_i_center,5.0,0.5,depth_nm+,0.00013726938934645403,0.0006708076727247308
A_pocket,3,case_i_center,5.0,0.5,depth_nm-,-7.0853051051950056e-06,-8.340076586659537e-05
A_pocket,3,case_i_center,5.0,0.5,half_x_nm+,3.952376557680645e-05,0.00023105924384269477
A_pocket,3,case_i_center,5.0,0.5,half_x_nm-,-4.5708316717289754e-05,-0.00015968122676037876
A_pocket,3,case_i_center,5.0,0.5,half_z_nm+,4.2121291546962786e-05,0.00015275135902426476
A_pocket,3,case_i_center,5.0,0.5,half_z_nm-,2.0956808017830522e-05,0.00011810392559558677
A_pocket,3,case_i_center,5.0,0.5,period_nm+,-6.718011893856735e-06,2.85073930068689e-05
A_pocket,3,case_i_center,5.0,0.5,period_nm-,-0.00015454193385627812,-0.00037949830557427316
A_pocket,3,case_i_center,5.0,1.0,baseline,-0.00010590822395836752,-0.0010418884978985162
A_pocket,3,case_i_center,5.0,1.0,depth_nm+,0.0005151725335639738,0.0020246808032166035
A_pocket,3,case_i_center,5.0,1.0,depth_nm-,-2.1856089049365757e-05,-0.0004343321645463667
A_pocket,3,case_i_center,5.0,1.0,half_x_nm+,6.830831700359308e-05,0.0011670199487210861
A_pocket,3,case_i_center,5.0,1.0,half_x_nm-,-0.00022091777709565275,-0.0001882246573160838
A_pocket,3,case_i_center,5.0,1.0,half_z_nm+,0.00015179227000504392,2.234884224411836e-06
A_pocket,3,case_i_center,5.0,1.0,half_z_nm-,4.75559227848376e-05,0.0005638496634732888
A_pocket,3,case_i_center,5.0,1.0,period_nm+,-0.00014967827562792357,-0.0007264715686088521
A_pocket,3,case_i_center,5.0,1.0,period_nm-,-0.0003422931121488948,-0.001760966860553024
A_pocket,3,case_i_center,10.0,0.5,baseline,-1.065217109791003e-05,-1.6811793190878036e-06
A_pocket,3,case_i_center,10.0,0.5,depth_nm+,-3.2865193040259102e-06,1.3980793093635712e-05
A_pocket,3,case_i_center,10.0,0.5,depth_nm-,-5.880890858175197e-06,-2.1949278274016734e-06
A_pocket,3,case_i_center,10.0,0.5,half_x_nm+,-1.3490386156063622e-06,1.2262788197612293e-05
A_pocket,3,case_i_center,10.0,0.5,half_x_nm-,-7.54327923644868e-06,-5.827072448935005e-06
A_pocket,3,case_i_center,10.0,0.5,half_z_nm+,1.4624304601879717e-05,-4.123946534723296e-06
A_pocket,3,case_i_center,10.0,0.5,half_z_nm-,-3.227182078602807e-06,5.3401419545600856e-06
A_pocket,3,case_i_center,10.0,0.5,period_nm+,-7.175458073833962e-06,1.1461725564418921e-05
A_pocket,3,case_i_center,10.0,0.5,period_nm-,-1.4044428960004185e-05,-6.168705930000408e-06
A_pocket,3,case_i_center,10.0,1.0,baseline,-5.6627430059380535e-05,-1.0626616339507822e-05
A_pocket,3,case_i_center,10.0,1.0,depth_nm+,-4.885111769135919e-05,4.1278099759378553e-05
A_pocket,3,case_i_center,10.0,1.0,depth_nm-,-3.055360431024334e-05,-1.0186283197819687e-05
A_pocket,3,case_i_center,10.0,1.0,half_x_nm+,-2.6881261964499005e-05,4.171713991390504e-05
A_pocket,3,case_i_center,10.0,1.0,half_x_nm-,-2.6324648394929206e-05,-2.278604803719993e-05
A_pocket,3,case_i_center,10.0,1.0,half_z_nm+,9.356431419440397e-05,2.3211235178205447e-06
A_pocket,3,case_i_center,10.0,1.0,half_z_nm-,-3.5565196442087846e-05,1.7434547320194737e-05
A_pocket,3,case_i_center,10.0,1.0,period_nm+,4.013773846234248e-06,4.319596002963353e-05
A_pocket,3,case_i_center,10.0,1.0,period_nm-,-7.55097736049315e-05,-2.9707338226721497e-05
A_pocket,3,case_i_center,20.0,0.5,baseline,4.40039332588564e-06,-1.933631021466196e-07
A_pocket,3,case_i_center,20.0,0.5,depth_nm+,1.899815181880503e-05,-5.330436225556984e-07
A_pocket,3,case_i_center,20.0,0.5,depth_nm-,8.59332865193324e-06,-3.274756204709172e-09
A_pocket,3,case_i_center,20.0,0.5,half_x_nm+,-1.335606393500742e-05,1.256695300557692e-07
A_pocket,3,case_i_center,20.0,0.5,half_x_nm-,-1.3128473685734138e-05,-1.8118546348578647e-07
A_pocket,3,case_i_center,20.0,0.5,half_z_nm+,-1.3684538970066412e-05,-5.633807488743383e-07
A_pocket,3,case_i_center,20.0,0.5,half_z_nm-,-8.412200701879771e-06,5.9474041302431615e-08
A_pocket,3,case_i_center,20.0,0.5,period_nm+,-2.1997847397193376e-05,8.078468969483974e-08
A_pocket,3,case_i_center,20.0,0.5,period_nm-,8.470565861191243e-06,-8.507694804587283e-08
A_pocket,3,case_i_center,20.0,1.0,baseline,1.008114845998942e-05,-8.691173728730121e-07
A_pocket,3,case_i_center,20.0,1.0,depth_nm+,3.553577401382846e-05,-1.5538899150430272e-06
A_pocket,3,case_i_center,20.0,1.0,depth_nm-,1.676416078382273e-05,1.8636457362571314e-07
A_pocket,3,case_i_center,20.0,1.0,half_x_nm+,-2.8672241985976815e-05,8.456244700551232e-07
A_pocket,3,case_i_center,20.0,1.0,half_x_nm-,-2.6950551324837757e-05,-8.308925711914542e-07
A_pocket,3,case_i_center,20.0,1.0,half_z_nm+,-2.654640616536752e-05,-2.6942489893940763e-06
A_pocket,3,case_i_center,20.0,1.0,half_z_nm-,-1.940389510284718e-05,4.520688565519893e-07
A_pocket,3,case_i_center,20.0,1.0,period_nm+,-4.714908929057127e-05,9.553277567884118e-07
A_pocket,3,case_i_center,20.0,1.0,period_nm-,2.0504991212089152e-05,-8.002065004650624e-07
B_x,3,case_i_center,5.0,0.5,baseline,4.234220824166773e-06,-7.918025333126383e-05
B_x,3,case_i_center,5.0,0.5,depth_nm+,0.00011941921979210439,0.00055836834880813
B_x,3,case_i_center,5.0,0.5,depth_nm-,-4.229218455505113e-06,-1.7519701288012165e-05
B_x,3,case_i_center,5.0,0.5,half_x_nm+,9.602317650863126e-06,6.280954051482868e-05
B_x,3,case_i_center,5.0,0.5,half_x_nm-,-2.3284909757271405e-05,-9.65868441888942e-05
B_x,3,case_i_center,5.0,0.5,half_z_nm+,4.629198231589568e-05,0.00010037103501359633
B_x,3,case_i_center,5.0,0.5,half_z_nm-,4.136543495159538e-06,3.3624474603927666e-05
B_x,3,case_i_center,5.0,0.5,period_nm+,6.897927953600745e-06,1.543428094501892e-05
B_x,3,case_i_center,5.0,0.5,period_nm-,-0.0001954502980758277,-0.0008779059019535067
B_x,3,case_i_center,5.0,1.0,baseline,5.8833002203786955e-05,-0.0002676393757277324
B_x,3,case_i_center,5.0,1.0,depth_nm+,0.00036632565126825333,0.00184462342726365
B_x,3,case_i_center,5.0,1.0,depth_nm-,1.0247632504650772e-05,-5.9711792820116034e-05
B_x,3,case_i_center,5.0,1.0,half_x_nm+,-3.441497803513896e-05,0.0002301209202096536
B_x,3,case_i_center,5.0,1.0,half_x_nm-,-0.00011742250747275029,-0.00031188946100496086
B_x,3,case_i_center,5.0,1.0,half_z_nm+,0.00023114066765893976,0.0003657611697818865
B_x,3,case_i_center,5.0,1.0,half_z_nm-,-2.7405538360544823e-05,0.00012056597256811328
B_x,3,case_i_center,5.0,1.0,period_nm+,-2.4368779436820948e-05,4.714444836063404e-05
B_x,3,case_i_center,5.0,1.0,period_nm-,-0.00017710042485125088,-0.0036915382868853326
B_x,3,case_i_center,10.0,0.5,baseline,-4.192639934536002e-06,-9.205226175788362e-07
B_x,3,case_i_center,10.0,0.5,depth_nm+,-2.1638279738703595e-06,1.087469146438631e-05
B_x,3,case_i_center,10.0,0.5,depth_nm-,-7.213824389697837e-07,-5.784052935589069e-07
B_x,3,case_i_center,10.0,0.5,half_x_nm+,-5.080082266489924e-07,4.216748302497144e-06
B_x,3,case_i_center,10.0,0.5,half_x_nm-,-4.241697523325871e-06,-3.117299325875681e-06
B_x,3,case_i_center,10.0,0.5,half_z_nm+,9.264373749965152e-06,-1.9361575225505757e-06
B_x,3,case_i_center,10.0,0.5,half_z_nm-,-1.315959899663116e-06,1.9039695411912942e-06
B_x,3,case_i_center,10.0,0.5,period_nm+,-1.8741020920559626e-06,1.7626748695871762e-06
B_x,3,case_i_center,10.0,0.5,period_nm-,-2.5255142952936016e-05,-1.5675971506905022e-05
B_x,3,case_i_center,10.0,1.0,baseline,-2.5342279663893852e-05,-3.176663347663391e-06
B_x,3,case_i_center,10.0,1.0,depth_nm+,-3.20973677050973e-05,3.891790554196332e-05
B_x,3,case_i_center,10.0,1.0,depth_nm-,-6.619456161920112e-06,-2.02688219636427e-06
B_x,3,case_i_center,10.0,1.0,half_x_nm+,-5.076609224638744e-06,1.4802218663435298e-05
B_x,3,case_i_center,10.0,1.0,half_x_nm-,-2.050707375397809e-05,-1.1422769331246603e-05
B_x,3,case_i_center,10.0,1.0,half_z_nm+,5.880352660177224e-05,-5.928728556506887e-06
B_x,3,case_i_center,10.0,1.0,half_z_nm-,-8.925814606280773e-06,6.741340954819467e-06
B_x,3,case_i_center,10.0,1.0,period_nm+,-1.282296948106748e-06,6.326010948489965e-06
B_x,3,case_i_center,10.0,1.0,period_nm-,-0.0001299986652188445,-5.3678489837309315e-05
B_x,3,case_i_center,20.0,0.5,baseline,4.621375255029966e-06,-6.798310328763146e-08
B_x,3,case_i_center,20.0,0.5,depth_nm+,1.6246946320437952e-05,-1.2083042651820524e-07
B_x,3,case_i_center,20.0,0.5,depth_nm-,2.8943092991759282e-06,1.1229650680979526e-08
B_x,3,case_i_center,20.0,0.5,half_x_nm+,-6.216496710749215e-06,5.157224299284243e-08
B_x,3,case_i_center,20.0,0.5,half_x_nm-,-8.4665090388375e-06,-8.019654937288314e-08
B_x,3,case_i_center,20.0,0.5,half_z_nm+,-9.426789210972494e-06,-2.389902904720954e-07
B_x,3,case_i_center,20.0,0.5,half_z_nm-,-4.123868151723661e-06,2.830877038938407e-08
B_x,3,case_i_center,20.0,0.5,period_nm+,-6.595291976948994e-06,1.9389207201418187e-08
B_x,3,case_i_center,20.0,0.5,period_nm-,1.2071577460564392e-05,-3.1090773980292294e-07
B_x,3,case_i_center,20.0,1.0,baseline,1.0072405448049992e-05,-3.8581557080781884e-07
B_x,3,case_i_center,20.0,1.0,depth_nm+,3.117571345128203e-05,-8.844826356307206e-07
B_x,3,case_i_center,20.0,1.0,depth_nm-,6.177792206875192e-06,5.383361596735809e-08
B_x,3,case_i_center,20.0,1.0,half_x_nm+,-1.189216797111911e-05,2.6337153216381316e-07
B_x,3,case_i_center,20.0,1.0,half_x_nm-,-1.7055036718647415e-05,-4.586009449409225e-07
B_x,3,case_i_center,20.0,1.0,half_z_nm+,-1.9125152163478043e-05,-1.3355184655821189e-06
B_x,3,case_i_center,20.0,1.0,half_z_nm-,-8.56339377307367e-06,1.4920799658299497e-07
B_x,3,case_i_center,20.0,1.0,period_nm+,-1.3896072689536035e-05,1.1167401990716129e-07
B_x,3,case_i_center,20.0,1.0,period_nm-,3.2721305304433956e-05,-1.7499729848344524e-06
B_z,3,case_i_center,5.0,0.5,baseline,-9.262565452516913e-05,-0.0013312144546794706
B_z,3,case_i_center,5.0,0.5,depth_nm+,0.0006844721365312226,0.003930404096841818
B_z,3,case_i_center,5.0,0.5,depth_nm-,-6.832400183859333e-05,-0.0006195257215440345
B_z,3,case_i_center,5.0,0.5,half_x_nm+,0.00011067812450282766,0.0018476636362434523
B_z,3,case_i_center,5.0,0.5,half_x_nm-,-0.00019172748182896826,-0.0008034322045547822
B_z,3,case_i_center,5.0,0.5,half_z_nm+,0.00024635142519634223,0.0012553694931339687
B_z,3,case_i_center,5.0,0.5,half_z_nm-,6.573951883474816e-05,0.000802492440118029
B_z,3,case_i_center,5.0,0.5,period_nm+,-8.606088429308212e-05,-0.0005911686215220122
B_z,3,case_i_center,5.0,0.5,period_nm-,-0.00032523691265357035,-0.0027180558834266413
B_z,3,case_i_center,5.0,1.0,baseline,-0.00027742208888226205,0.04087508218315008
B_z,3,case_i_center,5.0,1.0,depth_nm+,0.0014100130049744947,0.012458193737807474
B_z,3,case_i_center,5.0,1.0,depth_nm-,-0.0001451770429223842,0.00961879259696622
B_z,3,case_i_center,5.0,1.0,half_x_nm+,0.00024576211046323584,0.006494288165508622
B_z,3,case_i_center,5.0,1.0,half_x_nm-,-0.0004839095985428865,0.0028926981782725087
B_z,3,case_i_center,5.0,1.0,half_z_nm+,0.00039687400897397973,0.012139811090876869
B_z,3,case_i_center,5.0,1.0,half_z_nm-,0.00015362566022179033,0.0028697906314672844
B_z,3,case_i_center,5.0,1.0,period_nm+,-0.00022997007782785128,-0.005159147619369928
B_z,3,case_i_center,5.0,1.0,period_nm-,-0.00044867498280976026,0.45476264074620554
B_z,3,case_i_center,10.0,0.5,baseline,-5.149208923360682e-05,-1.5217504021143276e-05
B_z,3,case_i_center,10.0,0.5,depth_nm+,-2.686170521507339e-05,7.384122555713509e-05
B_z,3,case_i_center,10.0,0.5,depth_nm-,-3.175734490892812e-05,-1.4737106659519505e-05
B_z,3,case_i_center,10.0,0.5,half_x_nm+,-1.58029043223519e-05,7.055697391758497e-05
B_z,3,case_i_center,10.0,0.5,half_x_nm-,-2.4184120404807663e-05,-3.673622237830972e-05
B_z,3,case_i_center,10.0,0.5,half_z_nm+,6.50943449917174e-05,-5.412952638903521e-06
B_z,3,case_i_center,10.0,0.5,half_z_nm-,-1.988038236460342e-05,2.8662314292675535e-05
B_z,3,case_i_center,10.0,0.5,period_nm+,-1.827929174333387e-05,8.343021087896008e-05
B_z,3,case_i_center,10.0,0.5,period_nm-,-4.8781801766262234e-05,-4.3831957346151824e-05
B_z,3,case_i_center,10.0,1.0,baseline,-0.00018521385240749533,-2.84589730825351e-05
B_z,3,case_i_center,10.0,1.0,depth_nm+,-0.00022984343047149913,0.0002665128565350354
B_z,3,case_i_center,10.0,1.0,depth_nm-,-0.00010328544531773565,-4.414106436308899e-05
B_z,3,case_i_center,10.0,1.0,half_x_nm+,-0.0001352335817055711,0.00023123397374200615
B_z,3,case_i_center,10.0,1.0,half_x_nm-,-4.538787365965247e-05,-0.0001997582408337226
B_z,3,case_i_center,10.0,1.0,half_z_nm+,0.00030721917941353705,0.00015087004192197706
B_z,3,case_i_center,10.0,1.0,half_z_nm-,-0.00013241895955553445,9.690942187096948e-05
B_z,3,case_i_center,10.0,1.0,period_nm+,4.7401863117801923e-05,0.0006208178116110071
B_z,3,case_i_center,10.0,1.0,period_nm-,-0.00017363291756872234,-0.0001904892548722074
B_z,3,case_i_center,20.0,0.5,baseline,-6.0272001420960675e-06,-9.722407985114916e-07
B_z,3,case_i_center,20.0,0.5,depth_nm+,6.889479546372257e-05,-8.554655944168393e-07
B_z,3,case_i_center,20.0,0.5,depth_nm-,3.009204488192696e-05,2.847237680567832e-07
B_z,3,case_i_center,20.0,0.5,half_x_nm+,-5.829382294223612e-05,7.625225955095884e-07
B_z,3,case_i_center,20.0,0.5,half_x_nm-,-3.965133193221948e-05,-9.041304665878643e-07
B_z,3,case_i_center,20.0,0.5,half_z_nm+,-2.3195546020246538e-05,-2.6528729320826985e-06
B_z,3,case_i_center,20.0,0.5,half_z_nm-,-3.72278470044847e-05,3.9420111093500026e-07
B_z,3,case_i_center,20.0,0.5,period_nm+,-6.444927890934815e-05,1.0610879550032885e-06
B_z,3,case_i_center,20.0,0.5,period_nm-,1.1527039113536086e-05,-8.858483441266662e-07
B_z,3,case_i_center,20.0,1.0,baseline,-3.2037220617231466e-06,-5.069747182827825e-06
B_z,3,case_i_center,20.0,1.0,depth_nm+,0.00010820197617575356,-2.1160964500140773e-07
B_z,3,case_i_center,20.0,1.0,depth_nm-,4.946307138749273e-05,2.3318217172413122e-06
B_z,3,case_i_center,20.0,1.0,half_x_nm+,-0.00010242104818168618,5.437570768389694e-06
B_z,3,case_i_center,20.0,1.0,half_x_nm-,-6.867776131264103e-05,-5.5537374455050104e-06
B_z,3,case_i_center,20.0,1.0,half_z_nm+,-3.6272017136407264e-05,-1.7393900401128806e-05
B_z,3,case_i_center,20.0,1.0,half_z_nm-,-6.813505696615096e-05,2.6107865112340644e-06
B_z,3,case_i_center,20.0,1.0,period_nm+,-0.00011723654029199837,8.124065534286608e-06
B_z,3,case_i_center,20.0,1.0,period_nm-,3.751295609827343e-05,-5.393206075922583e-06
A,3,case_ii_edge,5.0,0.5,baseline,0.004760868966026947,0.02042690621028323
A,3,case_ii_edge,5.0,0.5,depth_nm+,8.071883865694296e-05,-0.003960274796670049
A,3,case_ii_edge,5.0,0.5,depth_nm-,-0.0013055053607178707,-0.005979006100759687
A,3,case_ii_edge,5.0,0.5,half_x_nm+,0.002377880332375626,0.012544908798220844
A,3,case_ii_edge,5.0,0.5,half_x_nm-,0.001468212950289552,0.006264625428297421
A,3,case_ii_edge,5.0,0.5,half_z_nm+,0.0029489392161525588,0.01725504983256515
A,3,case_ii_edge,5.0,0.5,half_z_nm-,-0.0006982666323138154,-0.0017773245777795987
A,3,case_ii_edge,5.0,0.5,period_nm+,-0.002031328109340383,-0.0076942040663087324
A,3,case_ii_edge,5.0,0.5,period_nm-,0.0006850502504216066,0.00017754235047373244
A,3,case_ii_edge,5.0,1.0,baseline,0.007640076482296754,0.06249320639110545
A,3,case_ii_edge,5.0,1.0,depth_nm+,0.011450440550472063,0.12163601335658214
A,3,case_ii_edge,5.0,1.0,depth_nm-,-0.005301799108814065,-0.04307155263559284
A,3,case_ii_edge,5.0,1.0,half_x_nm+,-0.0010044185704068398,0.006689358848588539
A,3,case_ii_edge,5.0,1.0,half_x_nm-,0.007360483426318787,0.05745051188294137
A,3,case_ii_edge,5.0,1.0,half_z_nm+,-0.001904528786257742,0.021558251398414996
A,3,case_ii_edge,5.0,1.0,half_z_nm-,-0.0045738419259021,-0.03750599348597958
A,3,case_ii_edge,5.0,1.0,period_nm+,-0.01391900658939732,-0.06440535642853532
A,3,case_ii_edge,5.0,1.0,period_nm-,0.0030016487166423522,0.0034121487144689122
A,3,case_ii_edge,10.0,0.5,baseline,-0.0005296569026820089,-0.0014432916615896019
A,3,case_ii_edge,10.0,0.5,depth_nm+,-0.0012724509583796617,-0.007024705029582995
A,3,case_ii_edge,10.0,0.5,depth_nm-,3.700898115895079e-05,-0.0004297924379147479
A,3,case_ii_edge,10.0,0.5,half_x_nm+,0.00030198892198377014,0.0007550046848226327
A,3,case_ii_edge,10.0,0.5,half_x_nm-,0.0004208602681766878,0.0022241937713646104
A,3,case_ii_edge,10.0,0.5,half_z_nm+,-0.00048557138261104416,-0.0005498677841626332
A,3,case_ii_edge,10.0,0.5,half_z_nm-,-0.00010455055047096928,0.0003846168730003638
A,3,case_ii_edge,10.0,0.5,period_nm+,-2.7216503131886893e-05,0.0009928868095780523
A,3,case_ii_edge,10.0,0.5,period_nm-,0.0002951089529322805,2.081537724433745e-05
A,3,case_ii_edge,10.0,1.0,baseline,-0.0028875828771931233,-0.0027029783706285643
A,3,case_ii_edge,10.0,1.0,depth_nm+,-0.005315917220860833,-0.03489883532214977
A,3,case_ii_edge,10.0,1.0,depth_nm-,0.0006137142193487211,-0.0030111777109388914
A,3,case_ii_edge,10.0,1.0,half_x_nm+,0.0020841474670748594,0.0014145820339097476
A,3,case_ii_edge,10.0,1.0,half_x_nm-,0.0019911816461255227,0.009645697261314291
A,3,case_ii_edge,10.0,1.0,half_z_nm+,-0.0028316865889563836,0.0033681932387195773
A,3,case_ii_edge,10.0,1.0,half_z_nm-,-0.0010542142522487613,0.0044522220308669674
A,3,case_ii_edge,10.0,1.0,period_nm+,-0.0009735126571212144,0.008860371225906952
A,3,case_ii_edge,10.0,1.0,period_nm-,0.0014681937469189221,0.0002444344945881973
A,3,case_ii_edge,20.0,0.5,baseline,-7.068842449737406e-06,-0.0003740499645626602
A,3,case_ii_edge,20.0,0.5,depth_nm+,-3.0597494398581365e-05,-0.0005913009812350267
A,3,case_ii_edge,20.0,0.5,depth_nm-,9.445579982979291e-05,-3.745719841953283e-05
A,3,case_ii_edge,20.0,0.5,half_x_nm+,0.00013229406291740547,3.52931980622858e-05
A,3,case_ii_edge,20.0,0.5,half_x_nm-,-0.00016660044005554348,-0.00015193007125901756
A,3,case_ii_edge,20.0,0.5,half_z_nm+,-0.000169518074631482,-0.0005413816273924614
A,3,case_ii_edge,20.0,0.5,half_z_nm-,-8.227545285037496e-05,-0.00022695811724993738
A,3,case_ii_edge,20.0,0.5,period_nm+,-0.00013591033688750004,-0.0003260813744246317
A,3,case_ii_edge,20.0,0.5,period_nm-,-6.759961351825161e-05,-3.401023936044258e-08
A,3,case_ii_edge,20.0,1.0,baseline,-0.00017633695794749826,-0.0019041812065467498
A,3,case_ii_edge,20.0,1.0,depth_nm+,-0.00015823969837153173,-0.0031852550595811574
A,3,case_ii_edge,20.0,1.0,depth_nm-,0.0003695733459521955,-0.00023014879373254356
A,3,case_ii_edge,20.0,1.0,half_x_nm+,0.0005897477216699892,6.227491221673029e-05
A,3,case_ii_edge,20.0,1.0,half_x_nm-,-0.0006520543432794734,-0.0006140132417139198
A,3,case_ii_edge,20.0,1.0,half_z_nm+,-0.0006872162099151591,-0.002742939269880725
A,3,case_ii_edge,20.0,1.0,half_z_nm-,-0.00037191796338245653,-0.0011072409555577256
A,3,case_ii_edge,20.0,1.0,period_nm+,-0.0007386731388073497,-0.0015983044001640018
A,3,case_ii_edge,20.0,1.0,period_nm-,-0.0003132812554755421,2.483054265353629e-06
A_pocket,3,case_ii_edge,5.0,0.5,baseline,0.000929779323086763,0.003843634653482142
A_pocket,3,case_ii_edge,5.0,0.5,depth_nm+,-0.00011825822436322547,-0.0010009349550864632
A_pocket,3,case_ii_edge,5.0,0.5,depth_nm-,-0.00019944093775626712,-0.0008254030697647102
A_pocket,3,case_ii_edge,5.0,0.5,half_x_nm+,0.0005174186105656861,0.0024257788404083436
A_pocket,3,case_ii_edge,5.0,0.5,half_x_nm-,0.0002535469172995977,0.0009047808406200675
A_pocket,3,case_ii_edge,5.0,0.5,half_z_nm+,0.0006609308011087181,0.0034666010319588936
A_pocket,3,case_ii_edge,5.0,0.5,half_z_nm-,-8.00431701789301e-05,-1.7902765680005706e-05
A_pocket,3,case_ii_edge,5.0,0.5,period_nm+,-0.00013257808258294174,-0.0006782383337465836
A_pocket,3,case_ii_edge,5.0,0.5,period_nm-,0.0001084702793357345,1.8602145776933218e-05
A_pocket,3,case_ii_edge,5.0,1.0,baseline,0.0029370050812496905,0.012870020631423618
A_pocket,3,case_ii_edge,5.0,1.0,depth_nm+,0.0003715841672121134,0.0024325481761288126
A_pocket,3,case_ii_edge,5.0,1.0,depth_nm-,-0.0009746329781992885,-0.004861859676429825
A_pocket,3,case_ii_edge,5.0,1.0,half_x_nm+,0.0011290945270772887,0.004884930348737299
A_pocket,3,case_ii_edge,5.0,1.0,half_x_nm-,0.0011813812567530793,0.006294663171738102
A_pocket,3,case_ii_edge,5.0,1.0,half_z_nm+,0.0016656312950141944,0.00885469664112315
A_pocket,3,case_ii_edge,5.0,1.0,half_z_nm-,-0.0006400325046399674,-0.002756229794665818
A_pocket,3,case_ii_edge,5.0,1.0,period_nm+,-0.0017648614104009142,-0.006282477225539346
A_pocket,3,case_ii_edge,5.0,1.0,period_nm-,0.0005623183703128143,0.00013114935108283089
A_pocket,3,case_ii_edge,10.0,0.5,baseline,-9.827862783428828e-05,-0.00021952223710156038
A_pocket,3,case_ii_edge,10.0,0.5,depth_nm+,-0.00020425206046030542,-0.0009206974225298981
A_pocket,3,case_ii_edge,10.0,0.5,depth_nm-,9.77058671069661e-06,-3.239282992811496e-05
A_pocket,3,case_ii_edge,10.0,0.5,half_x_nm+,6.131626877829179e-05,0.00021518858044076994
A_pocket,3,case_ii_edge,10.0,0.5,half_x_nm-,7.913903559933532e-05,0.00040859769373265825
A_pocket,3,case_ii_edge,10.0,0.5,half_z_nm+,-9.522420340574156e-05,-1.9293080758348014e-05
A_pocket,3,case_ii_edge,10.0,0.5,half_z_nm-,-2.0217688714889263e-05,7.485565674619776e-05
A_pocket,3,case_ii_edge,10.0,0.5,period_nm+,-1.4462056274755497e-05,0.00016393259583391898
A_pocket,3,case_ii_edge,10.0,0.5,period_nm-,4.959795561512367e-05,2.2264741884919277e-06
A_pocket,3,case_ii_edge,10.0,1.0,baseline,-0.0006393322726527609,-0.0009118421479183889
A_pocket,3,case_ii_edge,10.0,1.0,depth_nm+,-0.0010090424816610669,-0.00439378570617785
A_pocket,3,case_ii_edge,10.0,1.0,depth_nm-,0.000188570897214059,-0.0002863268191689479
A_pocket,3,case_ii_edge,10.0,1.0,half_x_nm+,0.000567161346036002,0.000654882285174796
A_pocket,3,case_ii_edge,10.0,1.0,half_x_nm-,0.00044537841527820393,0.0017391360310694687
A_pocket,3,case_ii_edge,10.0,1.0,half_z_nm+,-0.0006725668947039909,1.3631791750123856e-06
A_pocket,3,case_ii_edge,10.0,1.0,half_z_nm-,-0.00028065842857298226,0.0004493870987822765
A_pocket,3,case_ii_edge,10.0,1.0,period_nm+,-0.0004542645157156362,0.00086913281737485
A_pocket,3,case_ii_edge,10.0,1.0,period_nm-,0.0002834222366175209,1.4299085009290534e-05
A_pocket,3,case_ii_edge,20.0,0.5,baseline,1.0156863334304968e-05,-4.657415033220043e-05
A_pocket,3,case_ii_edge,20.0,0.5,depth_nm+,-3.4825364696551217e-06,-6.307556450772106e-05
A_pocket,3,case_ii_edge,20.0,0.5,depth_nm-,1.8019651793377278e-05,1.203381684139991e-06
A_pocket,3,case_ii_edge,20.0,0.5,half_x_nm+,1.3313447622541504e-05,2.5349573489640356e-05
A_pocket,3,case_ii_edge,20.0,0.5,half_x_nm-,-3.764630140763812e-05,-1.6584452218363493e-05
A_pocket,3,case_ii_edge,20.0,0.5,half_z_nm+,-3.721952693027785e-05,-6.609703345538537e-05
A_pocket,3,case_ii_edge,20.0,0.5,half_z_nm-,-1.936604632211264e-05,-2.8699805069897118e-05
A_pocket,3,case_ii_edge,20.0,0.5,period_nm+,-1.7995995299792053e-05,-3.9156828918315324e-05
A_pocket,3,case_ii_edge,20.0,0.5,period_nm-,-8.90826676178992e-06,-1.4068019333403742e-08
A_pocket,3,case_ii_edge,20.0,1.0,baseline,-5.865637784686906e-07,-0.0002532853653029899
A_pocket,3,case_ii_edge,20.0,1.0,depth_nm+,-7.86705228361835e-06,-0.00039147960660899234
A_pocket,3,case_ii_edge,20.0,1.0,depth_nm-,7.745720309471765e-05,-1.0658015272452769e-05
A_pocket,3,case_ii_edge,20.0,1.0,half_x_nm+,9.699174256372171e-05,7.256690069132668e-05
A_pocket,3,case_ii_edge,20.0,1.0,half_x_nm-,-0.00014247585305803,-8.929549312329185e-05
A_pocket,3,case_ii_edge,20.0,1.0,half_z_nm+,-0.00013284408178674406,-0.00035922181771248785
A_pocket,3,case_ii_edge,20.0,1.0,half_z_nm-,-7.492272277433848e-05,-0.00015159389169880876
A_pocket,3,case_ii_edge,20.0,1.0,period_nm+,-0.0001145395092686935,-0.00021124104370566412
A_pocket,3,case_ii_edge,20.0,1.0,period_nm-,-4.9914401980785325e-05,-2.674428615023402e-08
B_x,3,case_ii_edge,5.0,0.5,baseline,0.008286657346950133,0.04080646041942046
B_x,3,case_ii_edge,5.0,0.5,depth_nm+,-0.0015344769448807083,-0.006724478167782322
B_x,3,case_ii_edge,5.0,0.5,depth_nm-,-0.0026001180714654015,-0.011973204481154798
B_x,3,case_ii_edge,5.0,0.5,half_x_nm+,0.004893580754079155,0.03157447822111148
B_x,3,case_ii_edge,5.0,0.5,half_x_nm-,0.0019691705757933914,0.010773061842001358
B_x,3,case_ii_edge,5.0,0.5,half_z_nm+,0.006057630704353181,0.035391059974957395
B_x,3,case_ii_edge,5.0,0.5,half_z_nm-,-0.001018330145539606,-0.0019251959419747389
B_x,3,case_ii_edge,5.0,0.5,period_nm+,-0.001329900747996049,-0.005145644082264589
B_x,3,case_ii_edge,5.0,0.5,period_nm-,0.0023714472675483572,0.0012257294414238181
B_x,3,case_ii_edge,5.0,1.0,baseline,0.01713197880455332,0.16022195963470992
B_x,3,case_ii_edge,5.0,1.0,depth_nm+,0.0013163112778719621,0.10571268841499704
B_x,3,case_ii_edge,5.0,1.0,depth_nm-,-0.007054372011621124,-0.03788993694252173
B_x,3,case_ii_edge,5.0,1.0,half_x_nm+,0.0037097964126350247,0.19718757988620753
B_x,3,case_ii_edge,5.0,1.0,half_x_nm-,0.007076453838231078,0.09038955715429225
B_x,3,case_ii_edge,5.0,1.0,half_z_nm+,0.009367645794538665,0.16458088515404223
B_x,3,case_ii_edge,5.0,1.0,half_z_nm-,-0.004921378273703814,0.018654968913528358
B_x,3,case_ii_edge,5.0,1.0,period_nm+,-0.00671903901580867,-0.018837894929996962
B_x,3,case_ii_edge,5.0,1.0,period_nm-,0.007916862501040595,0.023905986340659297
B_x,3,case_ii_edge,10.0,0.5,baseline,-0.0008738444106721893,-0.00234093417304352
B_x,3,case_ii_edge,10.0,0.5,depth_nm+,-0.0022234377234708613,-0.011135796583970153
B_x,3,case_ii_edge,10.0,0.5,depth_nm-,1.5010195206971444e-05,-0.0010091385090092615
B_x,3,case_ii_edge,10.0,0.5,half_x_nm+,0.0006030513768187362,0.0010733063051477226
B_x,3,case_ii_edge,10.0,0.5,half_x_nm-,0.000815211169157299,0.0036366376739924502
B_x,3,case_ii_edge,10.0,0.5,half_z_nm+,-0.0006834882356255706,-0.0005962250399167701
B_x,3,case_ii_edge,10.0,0.5,half_z_nm-,-0.0001399710954595873,0.0009475656749425923
B_x,3,case_ii_edge,10.0,0.5,period_nm+,-2.5918118342155294e-05,0.0011398587936939028
B_x,3,case_ii_edge,10.0,0.5,period_nm-,0.0009104970897561276,0.00015957182090191256
B_x,3,case_ii_edge,10.0,1.0,baseline,-0.005148278928482436,-0.004511824303303678
B_x,3,case_ii_edge,10.0,1.0,depth_nm+,-0.009094506329580726,-0.05606229175276892
B_x,3,case_ii_edge,10.0,1.0,depth_nm-,0.0013133788680445013,-0.0035539557266093154
B_x,3,case_ii_edge,10.0,1.0,half_x_nm+,0.004644232162635237,0.011566615473514258
B_x,3,case_ii_edge,10.0,1.0,half_x_nm-,0.003732326400891387,0.016391031675840093
B_x,3,case_ii_edge,10.0,1.0,half_z_nm+,-0.004993144129868815,0.005599478402834479
B_x,3,case_ii_edge,10.0,1.0,half_z_nm-,-0.0021733483156456956,0.009064443057134289
B_x,3,case_ii_edge,10.0,1.0,period_nm+,-0.002040742029587664,0.0074862455417951945
B_x,3,case_ii_edge,10.0,1.0,period_nm-,0.0039225306912113594,0.0020744505804898877
B_x,3,case_ii_edge,20.0,0.5,baseline,-9.493740722173877e-05,-0.0007025806285921796
B_x,3,case_ii_edge,20.0,0.5,depth_nm+,-5.5596722660904846e-05,-0.00117593899336612
B_x,3,case_ii_edge,20.0,0.5,depth_nm-,0.0001680787630906136,-0.00011433957306242106
B_x,3,case_ii_edge,20.0,0.5,half_x_nm+,0.0002894720340060192,-0.00012601350551175172
B_x,3,case_ii_edge,20.0,0.5,half_x_nm-,-0.0002495924176778644,-0.0001965232382290065
B_x,3,case_ii_edge,20.0,0.5,half_z_nm+,-0.0002648376818649087,-0.0010049212191195062
B_x,3,case_ii_edge,20.0,0.5,half_z_nm-,-0.00017458950381578353,-0.00043799601330909554
B_x,3,case_ii_edge,20.0,0.5,period_nm+,-0.00017022810152544227,-0.00029581388021270374
B_x,3,case_ii_edge,20.0,0.5,period_nm-,-0.00024599755739403845,5.245494499903568e-07
B_x,3,case_ii_edge,20.0,1.0,baseline,-0.0005223883254823758,-0.003593755380791045
B_x,3,case_ii_edge,20.0,1.0,depth_nm+,-0.00025198014564549454,-0.005691687414031858
B_x,3,case_ii_edge,20.0,1.0,depth_nm-,0.0006627433640987168,-0.00046530756692771905
B_x,3,case_ii_edge,20.0,1.0,half_x_nm+,0.0012445269764792544,-0.00017472043477645763
B_x,3,case_ii_edge,20.0,1.0,half_x_nm-,-0.0010150288323781814,-0.0007970270803331
B_x,3,case_ii_edge,20.0,1.0,half_z_nm+,-0.0010844599939185129,-0.005071104368595349
B_x,3,case_ii_edge,20.0,1.0,half_z_nm-,-0.0007212753574450392,-0.0022019694429814803
B_x,3,case_ii_edge,20.0,1.0,period_nm+,-0.0007974220549512856,-0.0014834545427904848
B_x,3,case_ii_edge,20.0,1.0,period_nm-,-0.0010637984327920014,6.458354626808135e-06
B_z,3,case_ii_edge,5.0,0.5,baseline,0.004701723797546322,0.021757169090942247
B_z,3,case_ii_edge,5.0,0.5,depth_nm+,-0.0007296750040513139,-0.006779385015668105
B_z,3,case_ii_edge,5.0,0.5,depth_nm-,-0.0011616955652155037,-0.00517739405776603
B_z,3,case_ii_edge,5.0,0.5,half_x_nm+,0.002819626970325728,0.01467389620875198
B_z,3,case_ii_edge,5.0,0.5,half_x_nm-,0.0011416207846767362,0.005119850670089299
B_z,3,case_ii_edge,5.0,0.5,half_z_nm+,0.0035482248658519483,0.019862117863653383
B_z,3,case_ii_edge,5.0,0.5,half_z_nm-,-0.00039404935469328217,-0.0009976655227910414
B_z,3,case_ii_edge,5.0,0.5,period_nm+,-0.0011233670614464175,-0.0047727742409965496
B_z,3,case_ii_edge,5.0,0.5,period_nm-,0.0005715416362850473,0.00014518658269007138
B_z,3,case_ii_edge,5.0,1.0,baseline,0.01172957456719198,0.08911348122781937
B_z,3,case_ii_edge,5.0,1.0,depth_nm+,-0.000157122980135177,0.033580959421197876
B_z,3,case_ii_edge,5.0,1.0,depth_nm-,-0.0032985126755994965,-0.021973979393027143
B_z,3,case_ii_edge,5.0,1.0,half_x_nm+,0.006768433550623343,0.0699672159400985
B_z,3,case_ii_edge,5.0,1.0,half_x_nm-,0.0031233267269600296,0.041801678445870405
B_z,3,case_ii_edge,5.0,1.0,half_z_nm+,0.007607352795801436,0.08876466342609096
B_z,3,case_ii_edge,5.0,1.0,half_z_nm-,-0.0011266737866325593,0.0003418040167429137
B_z,3,case_ii_edge,5.0,1.0,period_nm+,-0.004602361404445532,-0.010350336239636701
B_z,3,case_ii_edge,5.0,1.0,period_nm-,0.0014512623638797684,0.002062187014829607
B_z,3,case_ii_edge,10.0,0.5,baseline,-0.0004824518039789616,-0.001285936127812852
B_z,3,case_ii_edge,10.0,0.5,depth_nm+,-0.0012977424789196307,-0.006632738541551164
B_z,3,case_ii_edge,10.0,0.5,depth_nm-,1.4590165843791914e-05,-0.0004662080420141518
B_z,3,case_ii_edge,10.0,0.5,half_x_nm+,0.00028578013990954165,0.0004492537628124904
B_z,3,case_ii_edge,10.0,0.5,half_x_nm-,0.0004489314153712995,0.0021533904687237523
B_z,3,case_ii_edge,10.0,0.5,half_z_nm+,-0.0004142445291750105,-0.0003456272522889686
B_z,3,case_ii_edge,10.0,0.5,half_z_nm-,-7.645388255474866e-05,0.0003998194132129526
B_z,3,case_ii_edge,10.0,0.5,period_nm+,-2.3214934932846987e-05,0.0011316087850872028
B_z,3,case_ii_edge,10.0,0.5,period_nm-,0.0002824764075560135,2.3073917956158136e-05
B_z,3,case_ii_edge,10.0,1.0,baseline,-0.003022261802391124,-0.005145700590800155
B_z,3,case_ii_edge,10.0,1.0,depth_nm+,-0.005099023396100882,-0.03378755767234384
B_z,3,case_ii_edge,10.0,1.0,depth_nm-,0.0008857799551496015,-0.0018280609675781108
B_z,3,case_ii_edge,10.0,1.0,half_x_nm+,0.0027568090879727947,0.00405514816043917
B_z,3,case_ii_edge,10.0,1.0,half_x_nm-,0.001998085604567726,0.010082899933478703
B_z,3,case_ii_edge,10.0,1.0,half_z_nm+,-0.003157283455065274,0.00012320421852518582
B_z,3,case_ii_edge,10.0,1.0,half_z_nm-,-0.001371605430290107,0.002785831725374381
B_z,3,case_ii_edge,10.0,1.0,period_nm+,-0.0021598690727316627,0.007159675646125331
B_z,3,case_ii_edge,10.0,1.0,period_nm-,0.0012738297868248177,0.0002853230582996576
B_z,3,case_ii_edge,20.0,0.5,baseline,-3.229912174888133e-05,-0.0003567883508261479
B_z,3,case_ii_edge,20.0,0.5,depth_nm+,-4.91627885034554e-05,-0.0006945512663462036
B_z,3,case_ii_edge,20.0,0.5,depth_nm-,7.502260028666857e-05,-5.358590980660688e-05
B_z,3,case_ii_edge,20.0,0.5,half_x_nm+,0.00010326971193561768,-6.109380223679253e-05
B_z,3,case_ii_edge,20.0,0.5,half_x_nm-,-0.000167000141154304,-0.00010603451038298205
B_z,3,case_ii_edge,20.0,0.5,half_z_nm+,-0.0001856504118927793,-0.000546923790697016
B_z,3,case_ii_edge,20.0,0.5,half_z_nm-,-0.00010506422204001331,-0.00020887216357719403
B_z,3,case_ii_edge,20.0,0.5,period_nm+,-0.00017441047806544818,-0.0002881040763389152
B_z,3,case_ii_edge,20.0,0.5,period_nm-,-7.3096577414309e-05,-5.7389668624912824e-08
B_z,3,case_ii_edge,20.0,1.0,baseline,-0.00023253072483148118,-0.0017757577579760268
B_z,3,case_ii_edge,20.0,1.0,depth_nm+,-0.00017776415636146237,-0.003368955418079432
B_z,3,case_ii_edge,20.0,1.0,depth_nm-,0.0003239207452127857,-0.00022978551128339294
B_z,3,case_ii_edge,20.0,1.0,half_x_nm+,0.0005454064012396648,-0.00016064843523723796
B_z,3,case_ii_edge,20.0,1.0,half_x_nm-,-0.0006403321021624941,-0.0004878316839948497
B_z,3,case_ii_edge,20.0,1.0,half_z_nm+,-0.0006887676485863858,-0.0027277136650630737
B_z,3,case_ii_edge,20.0,1.0,half_z_nm-,-0.00040620150412506995,-0.0010319973712608135
B_z,3,case_ii_edge,20.0,1.0,period_nm+,-0.0007870006161155296,-0.0014668405930488276
B_z,3,case_ii_edge,20.0,1.0,period_nm-,-0.0003332244093279535,1.1854798337058528e-06
A,4,case_i_center,5.0,0.5,baseline,-0.000462810355427945,-0.0014381060448134188
A,4,case_i_center,5.0,0.5,depth_nm+,0.00015641031631482075,0.002970502609600788
A,4,case_i_center,5.0,0.5,depth_nm-,-0.00019523249307035195,-0.0005827791818446137
A,4,case_i_center,5.0,0.5,half_x_nm+,0.0007050697114069013,0.001499153681025607
A,4,case_i_center,5.0,0.5,half_x_nm-,0.00032746383707085713,-0.00043949756668837684
A,4,case_i_center,5.0,0.5,half_z_nm+,-0.0005053879737715872,0.0005554335575250922
A,4,case_i_center,5.0,0.5,half_z_nm-,0.0002971243540969143,0.0007172415861029409
A,4,case_i_center,5.0,0.5,period_nm+,0.000567029477639508,-0.0008301755884759388
A,4,case_i_center,5.0,0.5,period_nm-,-0.00046011248358740486,-0.0025015094303448056
A,4,case_i_center,5.0,1.0,baseline,0.002330340297945932,0.006741338672930753
A,4,case_i_center,5.0,1.0,depth_nm+,-0.005279958063023116,0.017652560928073387
A,4,case_i_center,5.0,1.0,depth_nm-,0.0011538877028656191,0.0028802587213288657
A,4,case_i_center,5.0,1.0,half_x_nm+,-0.0019220177599724164,0.006617160071765964
A,4,case_i_center,5.0,1.0,half_x_nm-,0.0019087745867142486,0.002988398885518554
A,4,case_i_center,5.0,1.0,half_z_nm+,-0.0011802637473103395,0.09799079463067842
A,4,case_i_center,5.0,1.0,half_z_nm-,-0.0013187405601010616,0.003187640799614479
A,4,case_i_center,5.0,1.0,period_nm+,0.0004723912725125932,-0.004733754437785522
A,4,case_i_center,5.0,1.0,period_nm-,0.001670848616177778,0.007047676914057641
A,4,case_i_center,10.0,0.5,baseline,-0.00014993913963198824,-8.421346505793886e-06
A,4,case_i_center,10.0,0.5,depth_nm+,-0.0001224023251783779,5.442757770762643e-05
A,4,case_i_center,10.0,0.5,depth_nm-,-7.966446862270327e-05,-9.56202146097754e-06
A,4,case_i_center,10.0,0.5,half_x_nm+,-6.229426261515972e-05,4.9620991983385736e-05
A,4,case_i_center,10.0,0.5,half_x_nm-,-6.973103191842966e-05,-2.1008931636666805e-05
A,4,case_i_center,10.0,0.5,half_z_nm+,0.00025654118399265347,-6.437455411945113e-06
A,4,case_i_center,10.0,0.5,half_z_nm-,-8.903588887946776e-05,1.8980225764116262e-05
A,4,case_i_center,10.0,0.5,period_nm+,-3.067462965128387e-05,5.688327228579751e-05
A,4,case_i_center,10.0,0.5,period_nm-,-0.00014102078758206071,-2.9010538057880472e-05
A,4,case_i_center,10.0,1.0,baseline,-0.0002974988710831572,-0.0001433288336836374
A,4,case_i_center,10.0,1.0,depth_nm+,-0.0007984093947953907,0.0001139726124747023
A,4,case_i_center,10.0,1.0,depth_nm-,-0.00014017198881344228,-8.961603052912398e-05
A,4,case_i_center,10.0,1.0,half_x_nm+,-0.0005382590607038579,0.0001637605080821883
A,4,case_i_center,10.0,1.0,half_x_nm-,0.00012844814049717268,-0.00011195828132680223
A,4,case_i_center,10.0,1.0,half_z_nm+,0.0008369313660450128,0.0001467434018845317
A,4,case_i_center,10.0,1.0,half_z_nm-,-0.0005850062005408885,7.379449435335615e-05
A,4,case_i_center,10.0,1.0,period_nm+,0.00044954801263480393,9.753688559827615e-05
A,4,case_i_center,10.0,1.0,period_nm-,-0.00023562680688060667,-0.0003113935676931504
A,4,case_i_center,20.0,0.5,baseline,-1.6875921192607835e-05,-5.904215287133047e-07
A,4,case_i_center,20.0,0.5,depth_nm+,6.087095777501661e-05,-1.1164694499828283e-06
A,4,case_i_center,20.0,0.5,depth_nm-,3.180026503298711e-05,2.4895977901915773e-07
A,4,case_i_center,20.0,0.5,half_x_nm+,-4.686934360753278e-05,8.683354978244673e-07
A,4,case_i_center,20.0,0.5,half_x_nm-,-3.683228687689777e-05,-7.013105397372767e-07
A,4,case_i_center,20.0,0.5,half_z_nm+,-2.4136112101863505e-05,-3.2248507395025416e-06
A,4,case_i_center,20.0,0.5,half_z_nm-,-3.0252465046530508e-05,5.565887226203562e-07
A,4,case_i_center,20.0,0.5,period_nm+,-7.130181853322315e-05,8.556007075923259e-07
A,4,case_i_center,20.0,0.5,period_nm-,5.380973038808523e-06,-7.002469375388341e-07
A,4,case_i_center,20.0,1.0,baseline,4.271371046338235e-05,-3.775737045470043e-06
A,4,case_i_center,20.0,1.0,depth_nm+,0.0001686957601229333,3.5557829719394426e-06
A,4,case_i_center,20.0,1.0,depth_nm-,5.916249253241912e-05,2.2695383815166954e-06
A,4,case_i_center,20.0,1.0,half_x_nm+,-0.00013321512373248856,2.70723058495731e-06
A,4,case_i_center,20.0,1.0,half_x_nm-,-0.00010995669002841768,-4.265528378120573e-06
A,4,case_i_center,20.0,1.0,half_z_nm+,-6.14052017417488e-05,-1.51915093425832e-05
A,4,case_i_center,20.0,1.0,half_z_nm-,-9.062153639385895e-05,2.055168834350468e-06
A,4,case_i_center,20.0,1.0,period_nm+,-0.00022987506359845034,7.281409041760655e-06
A,4,case_i_center,20.0,1.0,period_nm-,0.00018320126756432575,-4.653987945329397e-06
A_pocket,4,case_i_center,5.0,0.5,baseline,-0.0001389145562628799,-0.0001520647625461117
A_pocket,4,case_i_center,5.0,0.5,depth_nm+,9.725580876647216e-05,0.0005251133110550973
A_pocket,4,case_i_center,5.0,0.5,depth_nm-,-6.076689279088665e-05,-6.351105649948221e-05
A_pocket,4,case_i_center,5.0,0.5,half_x_nm+,0.000176109941511033,0.00017937554789182204
A_pocket,4,case_i_center,5.0,0.5,half_x_nm-,5.515362716662642e-05,-0.00012272009192030708
A_pocket,4,case_i_center,5.0,0.5,half_z_nm+,-0.00011811100880363898,0.00012229642072603564
A_pocket,4,case_i_center,5.0,0.5,half_z_nm-,9.264909881887169e-05,9.211245559225412e-05
A_pocket,4,case_i_center,5.0,0.5,period_nm+,0.00011300517776501734,1.615349331612545e-05
A_pocket,4,case_i_center,5.0,0.5,period_nm-,-0.00018135874884652597,-0.0002918410635767074
A_pocket,4,case_i_center,5.0,1.0,baseline,-0.0006386995241745574,-0.0010765847457027116
A_pocket,4,case_i_center,5.0,1.0,depth_nm+,-0.0004326186088819614,0.0020929884524008985
A_pocket,4,case_i_center,5.0,1.0,depth_nm-,-0.00014848168222053593,-0.0004448965972769993
A_pocket,4,case_i_center,5.0,1.0,half_x_nm+,0.0009783559209838692,0.0011829546459758509
A_pocket,4,case_i_center,5.0,1.0,half_x_nm-,0.0009122956849451358,-0.00020637778315355957
A_pocket,4,case_i_center,5.0,1.0,half_z_nm+,-0.001508794297110358,2.283138152307882e-05
A_pocket,4,case_i_center,5.0,1.0,half_z_nm-,0.0004309990837713445,0.0005737830692631217
A_pocket,4,case_i_center,5.0,1.0,period_nm+,0.0013154273865556843,-0.0006977210490504461
A_pocket,4,case_i_center,5.0,1.0,period_nm-,-0.00056514557551815,-0.0017938422237779167
A_pocket,4,case_i_center,10.0,0.5,baseline,-3.1790242668142815e-05,-1.2512367829666795e-06
A_pocket,4,case_i_center,10.0,0.5,depth_nm+,-2.4542873028969656e-05,8.728656828992836e-06
A_pocket,4,case_i_center,10.0,0.5,depth_nm-,-1.7662779982895865e-05,-1.4851245200957897e-06
A_pocket,4,case_i_center,10.0,0.5,half_x_nm+,-8.285430914338628e-06,7.775106285400958e-06
A_pocket,4,case_i_center,10.0,0.5,half_x_nm-,-1.791876619562649e-05,-3.902124504129816e-06
A_pocket,4,case_i_center,10.0,0.5,half_z_nm+,4.82029258829092e-05,-2.9350097122099027e-06
A_pocket,4,case_i_center,10.0,0.5,half_z_nm-,-1.1556640005029465e-05,3.373626048768012e-06
A_pocket,4,case_i_center,10.0,0.5,period_nm+,-7.381759964619761e-06,7.966792839637514e-06
A_pocket,4,case_i_center,10.0,0.5,period_nm-,-3.9314337636386226e-05,-4.475192666752005e-06
A_pocket,4,case_i_center,10.0,1.0,baseline,-0.00016497982170270153,-8.440463334786466e-06
A_pocket,4,case_i_center,10.0,1.0,depth_nm+,-0.0002009520033654337,3.0629322987523345e-05
A_pocket,4,case_i_center,10.0,1.0,depth_nm-,-9.075479782737206e-05,-7.897195201578259e-06
A_pocket,4,case_i_center,10.0,1.0,half_x_nm+,-9.403923522253912e-05,3.1552062503807535e-05
A_pocket,4,case_i_center,10.0,1.0,half_x_nm-,-5.412927348280583e-05,-1.767392991339873e-05
A_pocket,4,case_i_center,10.0,1.0,half_z_nm+,0.0002719028009697394,1.0604402707408106e-06
A_pocket,4,case_i_center,10.0,1.0,half_z_nm-,-0.00010248889807768814,1.3084466244681412e-05
A_pocket,4,case_i_center,10.0,1.0,period_nm+,3.151256124597768e-05,3.409225361149839e-05
A_pocket,4,case_i_center,10.0,1.0,period_nm-,-0.00018130527327356316,-2.2964830797267454e-05
A_pocket,4,case_i_center,20.0,0.5,baseline,3.9462180021609256e-06,-1.5137094765346274e-07
A_pocket,4,case_i_center,20.0,0.5,depth_nm+,1.8429090222390684e-05,-4.1226065148358714e-07
A_pocket,4,case_i_center,20.0,0.5,depth_nm-,8.5797745794855e-06,4.8377331268939175e-09
A_pocket,4,case_i_center,20.0,0.5,half_x_nm+,-1.3381848971488405e-05,1.3679678935614708e-07
A_pocket,4,case_i_center,20.0,0.5,half_x_nm-,-1.2886541963182813e-05,-1.4723731004054924e-07
A_pocket,4,case_i_center,20.0,0.5,half_z_nm+,-1.3509182136550724e-05,-4.913566116319403e-07
A_pocket,4,case_i_center,20.0,0.5,half_z_nm-,-8.33387992978411e-06,7.004377958648716e-08
A_pocket,4,case_i_center,20.0,0.5,period_nm+,-2.1326607631957234e-05,1.7060368791193943e-07
A_pocket,4,case_i_center,20.0,0.5,period_nm-,6.979147402004504e-06,-1.6100612212953738e-07
A_pocket,4,case_i_center,20.0,1.0,baseline,3.353925369709021e-05,-6.879714338042832e-07
A_pocket,4,case_i_center,20.0,1.0,depth_nm+,7.007657221774766e-05,-1.2580727959076148e-06
A_pocket,4,case_i_center,20.0,1.0,depth_nm-,2.5001301170800294e-05,1.3779775064104753e-07
A_pocket,4,case_i_center,20.0,1.0,half_x_nm+,-4.412363269298489e-05,6.404761339065944e-07
A_pocket,4,case_i_center,20.0,1.0,half_x_nm-,-4.937223282086567e-05,-6.49759199908791e-07
A_pocket,4,case_i_center,20.0,1.0,half_z_nm+,-4.936628422613776e-05,-2.087007494237668e-06
A_pocket,4,case_i_center,20.0,1.0,half_z_nm-,-3.1803429295672314e-05,3.386905731910985e-07
A_pocket,4,case_i_center,20.0,1.0,period_nm+,-9.362985145167091e-05,7.252140380831021e-07
A_pocket,4,case_i_center,20.0,1.0,period_nm-,7.62242386800338e-05,-5.702330707096941e-07
B_x,4,case_i_center,5.0,0.5,baseline,-5.744722596380883e-05,-6.11520997126384e-05
B_x,4,case_i_center,5.0,0.5,depth_nm+,9.578085438534213e-05,0.00043185871645433707
B_x,4,case_i_center,5.0,0.5,depth_nm-,-2.164481809871152e-05,-1.3518674850289706e-05
B_x,4,case_i_center,5.0,0.5,half_x_nm+,6.134185164257105e-05,4.8104809610574097e-05
B_x,4,case_i_center,5.0,0.5,half_x_nm-,3.142880599386194e-05,-7.521787799782921e-05
B_x,4,case_i_center,5.0,0.5,half_z_nm+,-4.1200715025722576e-05,7.865877794416103e-05
B_x,4,case_i_center,5.0,0.5,half_z_nm-,3.091221068206567e-05,2.5859794653883533e-05
B_x,4,case_i_center,5.0,0.5,period_nm+,1.753558507752804e-05,1.2472123781066477e-05
B_x,4,case_i_center,5.0,0.5,period_nm-,-0.00028544520963677544,-0.0006911706642582713
B_x,4,case_i_center,5.0,1.0,baseline,-0.0005286737828996274,-0.00027441151956333204
B_x,4,case_i_center,5.0,1.0,depth_nm+,0.0003841007511741683,0.001899559066267046
B_x,4,case_i_center,5.0,1.0,depth_nm-,-0.0001874113006622019,-5.9904569280112147e-05
B_x,4,case_i_center,5.0,1.0,half_x_nm+,0.0005305292745884267,0.00023244160935089516
B_x,4,case_i_center,5.0,1.0,half_x_nm-,0.0003218567957872648,-0.00032856346707967705
B_x,4,case_i_center,5.0,1.0,half_z_nm+,-0.0007218564188059343,0.0003886105363965168
B_x,4,case_i_center,5.0,1.0,half_z_nm-,0.0003492845840369421,0.00012225038577021695
B_x,4,case_i_center,5.0,1.0,period_nm+,0.000228273804797674,4.989131056712913e-05
B_x,4,case_i_center,5.0,1.0,period_nm-,-0.0014039649188284375,-0.00370453100318289
B_x,4,case_i_center,10.0,0.5,baseline,-1.3418118554917036e-05,-5.94013675427464e-07
B_x,4,case_i_center,10.0,0.5,depth_nm+,-2.1341931074645142e-05,7.1185652961562075e-06
B_x,4,case_i_center,10.0,0.5,depth_nm-,-3.168693481742091e-06,-3.737473609565596e-07
B_x,4,case_i_center,10.0,0.5,half_x_nm+,-3.3494571497244725e-06,2.749786519608093e-06
B_x,4,case_i_center,10.0,0.5,half_x_nm-,-1.0319926592849277e-05,-2.020080845719995e-06
B_x,4,case_i_center,10.0,0.5,half_z_nm+,2.8366653549966037e-05,-1.2626457336900186e-06
B_x,4,case_i_center,10.0,0.5,half_z_nm-,-4.802862127540404e-06,1.2408020592713021e-06
B_x,4,case_i_center,10.0,0.5,period_nm+,-1.3073398461519586e-06,1.1435092956072596e-06
B_x,4,case_i_center,10.0,0.5,period_nm-,-7.539306638196241e-05,-9.881277133003282e-06
B_x,4,case_i_center,10.0,1.0,baseline,-8.241134304751152e-05,-2.400408259461669e-06
B_x,4,case_i_center,10.0,1.0,depth_nm+,-0.00015125839023343718,3.004228561341658e-05
B_x,4,case_i_center,10.0,1.0,depth_nm-,-2.5029021015317288e-05,-1.542225591967517e-06
B_x,4,case_i_center,10.0,1.0,half_x_nm+,-2.153961282754641e-05,1.1343521961015238e-05
B_x,4,case_i_center,10.0,1.0,half_x_nm-,-5.111086504540341e-05,-8.704269275014697e-06
B_x,4,case_i_center,10.0,1.0,half_z_nm+,0.0001622417261112133,-4.652667232863696e-06
B_x,4,case_i_center,10.0,1.0,half_z_nm-,-2.7320091275348773e-05,5.157926463956596e-06
B_x,4,case_i_center,10.0,1.0,period_nm+,-1.0402662172989685e-07,5.022659297181065e-06
B_x,4,case_i_center,10.0,1.0,period_nm-,-0.0003523126285066569,-4.139254294648954e-05
B_x,4,case_i_center,20.0,0.5,baseline,4.36748365114769e-06,-6.397073006532663e-08
B_x,4,case_i_center,20.0,0.5,depth_nm+,1.575244592422545e-05,-1.2990013375859823e-07
B_x,4,case_i_center,20.0,0.5,depth_nm-,2.850546963718663e-06,1.0151101184419287e-08
B_x,4,case_i_center,20.0,0.5,half_x_nm+,-6.174869614613242e-06,4.62415119490767e-08
B_x,4,case_i_center,20.0,0.5,half_x_nm-,-8.239189945660058e-06,-7.595862224241302e-08
B_x,4,case_i_center,20.0,0.5,half_z_nm+,-9.224679962957852e-06,-2.2518856227291125e-07
B_x,4,case_i_center,20.0,0.5,half_z_nm-,-4.053920350253213e-06,2.5765942222111675e-08
B_x,4,case_i_center,20.0,0.5,period_nm+,-6.28641833815306e-06,1.7378837766360077e-08
B_x,4,case_i_center,20.0,0.5,period_nm-,9.699157426053262e-06,-3.156650588305974e-07
B_x,4,case_i_center,20.0,1.0,baseline,2.5412308862791944e-05,-2.9602314408972143e-07
B_x,4,case_i_center,20.0,1.0,depth_nm+,6.190194006805774e-05,-6.726411917026343e-07
B_x,4,case_i_center,20.0,1.0,depth_nm-,1.0679554458285258e-05,4.149319258826377e-08
B_x,4,case_i_center,20.0,1.0,half_x_nm+,-2.0118957701525247e-05,2.0420970736810892e-07
B_x,4,case_i_center,20.0,1.0,half_x_nm-,-3.374758394790456e-05,-3.5142269482697614e-07
B_x,4,case_i_center,20.0,1.0,half_z_nm+,-3.8273453065187923e-05,-1.0258965150328767e-06
B_x,4,case_i_center,20.0,1.0,half_z_nm-,-1.527206354969262e-05,1.1526324757507329e-07
B_x,4,case_i_center,20.0,1.0,period_nm+,-3.1266967386750846e-05,9.061359959362475e-08
B_x,4,case_i_center,20.0,1.0,period_nm-,0.00011876072081029587,-1.348467403862767e-06
B_z,4,case_i_center,5.0,0.5,baseline,-0.000520589547119088,-0.0010276511504332146
B_z,4,case_i_center,5.0,0.5,depth_nm+,0.00043412689758538954,0.003045277367896471
B_z,4,case_i_center,5.0,0.5,depth_nm-,-0.00025424053448541706,-0.00047703750336181103
B_z,4,case_i_center,5.0,0.5,half_x_nm+,0.0006764488477664643,0.001428044586975318
B_z,4,case_i_center,5.0,0.5,half_x_nm-,0.0002423532935993955,-0.0006275285695244313
B_z,4,case_i_center,5.0,0.5,half_z_nm+,-0.0005295127577930187,0.0009829783272622267
B_z,4,case_i_center,5.0,0.5,half_z_nm-,0.0003671532588773799,0.0006210798229351311
B_z,4,case_i_center,5.0,0.5,period_nm+,0.0005303125453995083,-0.00047326037115599535
B_z,4,case_i_center,5.0,0.5,period_nm-,-0.00047062107312750845,-0.0021388234846783736
B_z,4,case_i_center,5.0,1.0,baseline,-0.0007082168126618105,0.0379758106592726
B_z,4,case_i_center,5.0,1.0,depth_nm+,-0.0017683427886338449,0.012720589569471122
B_z,4,case_i_center,5.0,1.0,depth_nm-,8.238131987958752e-05,0.009598537352119237
B_z,4,case_i_center,5.0,1.0,half_x_nm+,0.0012203773744352674,0.006615560496772195
B_z,4,case_i_center,5.0,1.0,half_x_nm-,0.0021996164310511546,0.0029272724360133954
B_z,4,case_i_center,5.0,1.0,half_z_nm+,-0.003127242208424197,0.012276992281063093
B_z,4,case_i_center,5.0,1.0,half_z_nm-,0.00042730564810041036,0.002920879010218383
B_z,4,case_i_center,5.0,1.0,period_nm+,0.0025520447817920094,-0.005099549622941676
B_z,4,case_i_center,5.0,1.0,period_nm-,-0.0003819067747642402,0.6324682369133651
B_z,4,case_i_center,10.0,0.5,baseline,-0.0001576905653302152,-9.858740606389217e-06
B_z,4,case_i_center,10.0,0.5,depth_nm+,-0.00016510169676098307,4.8267993633685914e-05
B_z,4,case_i_center,10.0,0.5,depth_nm-,-9.33987803600489e-05,-9.553142719440007e-06
B_z,4,case_i_center,10.0,0.5,half_x_nm+,-7.095024052317794e-05,4.591631010977197e-05
B_z,4,case_i_center,10.0,0.5,half_x_nm-,-5.7551205842165665e-05,-2.385442474829756e-05
B_z,4,case_i_center,10.0,0.5,half_z_nm+,0.00022829603598596704,-3.618184554217115e-06
B_z,4,case_i_center,10.0,0.5,half_z_nm-,-6.998074810898348e-05,1.8667517902118532e-05
B_z,4,case_i_center,10.0,0.5,period_nm+,-1.1765228642990344e-05,5.3921698032255655e-05
B_z,4,case_i_center,10.0,0.5,period_nm-,-0.00014593894534510599,-2.7729488348290725e-05
B_z,4,case_i_center,10.0,1.0,baseline,-0.0005447433119384892,-2.1390845542307432e-05
B_z,4,case_i_center,10.0,1.0,depth_nm+,-0.0009039786611264866,0.00020552898642380436
B_z,4,case_i_center,10.0,1.0,depth_nm-,-0.0002942932053824343,-3.3578466753219147e-05
B_z,4,case_i_center,10.0,1.0,half_x_nm+,-0.0004460697720073681,0.00017723599800543793
B_z,4,case_i_center,10.0,1.0,half_x_nm-,-8.861783719410488e-05,-0.00015120989645355464
B_z,4,case_i_center,10.0,1.0,half_z_nm+,0.0009304690826983375,0.00011504804534834615
B_z,4,case_i_center,10.0,1.0,half_z_nm-,-0.0003921356420822364,7.414868001339958e-05
B_z,4,case_i_center,10.0,1.0,period_nm+,0.0001841060360478486,0.0004948230732827667
B_z,4,case_i_center,10.0,1.0,period_nm-,-0.00047977358624562427,-0.0001471374964414963
B_z,4,case_i_center,20.0,0.5,baseline,-7.553368638016367e-06,-9.108197673178331e-07
B_z,4,case_i_center,20.0,0.5,depth_nm+,6.796124628308253e-05,-8.440875637574541e-07
B_z,4,case_i_center,20.0,0.5,depth_nm-,3.0428667542103938e-05,2.6714390673124373e-07
B_z,4,case_i_center,20.0,0.5,half_x_nm+,-5.889325696074171e-05,7.097672034670863e-07
B_z,4,case_i_center,20.0,0.5,half_x_nm-,-3.928245900981786e-05,-8.464495265603609e-07
B_z,4,case_i_center,20.0,0.5,half_z_nm+,-2.2708751672206873e-05,-2.501181088700359e-06
B_z,4,case_i_center,20.0,0.5,half_z_nm-,-3.742198117897416e-05,3.7058286834692903e-07
B_z,4,case_i_center,20.0,0.5,period_nm+,-6.29094949370218e-05,9.930336690203022e-07
B_z,4,case_i_center,20.0,0.5,period_nm-,7.490659778584818e-06,-9.021953671204839e-07
B_z,4,case_i_center,20.0,1.0,baseline,4.601867106268642e-05,-3.893308644378384e-06
B_z,4,case_i_center,20.0,1.0,depth_nm+,0.0001837575438451422,-1.4814776249548944e-07
B_z,4,case_i_center,20.0,1.0,depth_nm-,6.427437058476038e-05,1.791053710595374e-06
B_z,4,case_i_center,20.0,1.0,half_x_nm+,-0.00014013167589818631,4.1876744149092055e-06
B_z,4,case_i_center,20.0,1.0,half_x_nm-,-0.00011601860339160996,-4.26128221174772e-06
B_z,4,case_i_center,20.0,1.0,half_z_nm+,-7.455392597366384e-05,-1.3347333616716761e-05
B_z,4,case_i_center,20.0,1.0,half_z_nm-,-9.653973666454152e-05,2.0046637247675564e-06
B_z,4,case_i_center,20.0,1.0,period_nm+,-0.00022616473712866458,6.502841807613627e-06
B_z,4,case_i_center,20.0,1.0,period_nm-,0.00016939813825056493,-4.15910749937599e-06
A,4,case_ii_edge,5.0,0.5,baseline,0.005261113410562977,0.019198177816719342
A,4,case_ii_edge,5.0,0.5,depth_nm+,-0.000256304326103296,-0.0006111518167980501
A,4,case_ii_edge,5.0,0.5,depth_nm-,-0.0008363749204352289,-0.00675811437286912
A,4,case_ii_edge,5.0,0.5,half_x_nm+,0.003027553250232712,0.00954296551545808
A,4,case_ii_edge,5.0,0.5,half_x_nm-,0.0008554551347736417,0.0075434542517114345
A,4,case_ii_edge,5.0,0.5,half_z_nm+,0.0037177160452520966,0.013290513174424368
A,4,case_ii_edge,5.0,0.5,half_z_nm-,-0.00015916699207861595,-0.003254216817765554
A,4,case_ii_edge,5.0,0.5,period_nm+,-0.0012165978658021659,-0.01011989807212478
A,4,case_ii_edge,5.0,0.5,period_nm-,0.0002570050862411716,0.0003045762851183341
A,4,case_ii_edge,5.0,1.0,baseline,0.006885559757731308,0.08803685330555261
A,4,case_ii_edge,5.0,1.0,depth_nm+,0.020334500371883807,0.1577165660984735
A,4,case_ii_edge,5.0,1.0,depth_nm-,-0.008340527803202546,-0.0606427333511345
A,4,case_ii_edge,5.0,1.0,half_x_nm+,-0.006705483003327989,0.006494351979914215
A,4,case_ii_edge,5.0,1.0,half_x_nm-,0.012493669767010829,0.08162807442742495
A,4,case_ii_edge,5.0,1.0,half_z_nm+,-0.00789367859573481,0.026646979824655248
A,4,case_ii_edge,5.0,1.0,half_z_nm-,-0.009205014168901182,-0.053252395871139446
A,4,case_ii_edge,5.0,1.0,period_nm+,-0.023301864294991814,-0.0900527180404452
A,4,case_ii_edge,5.0,1.0,period_nm-,0.00621689817611934,0.004578330770489382
A,4,case_ii_edge,10.0,0.5,baseline,-0.0007878116162488569,-0.001818888269512986
A,4,case_ii_edge,10.0,0.5,depth_nm+,-0.0014694451542855702,-0.008140531302226361
A,4,case_ii_edge,10.0,0.5,depth_nm-,0.00018127431081386286,-0.0004384497787449579
A,4,case_ii_edge,10.0,0.5,half_x_nm+,0.0006141964216599335,0.0011278346969785247
A,4,case_ii_edge,10.0,0.5,half_x_nm-,0.0005086235888027701,0.0025544888751287617
A,4,case_ii_edge,10.0,0.5,half_z_nm+,-0.0008556050995256054,-0.0009330095614859674
A,4,case_ii_edge,10.0,0.5,half_z_nm-,-0.00027334671397798854,0.0003489071498879587
A,4,case_ii_edge,10.0,0.5,period_nm+,-0.000380474011864064,0.000933905614410372
A,4,case_ii_edge,10.0,0.5,period_nm-,0.0003665935782419631,1.602859200423722e-05
A,4,case_ii_edge,10.0,1.0,baseline,-0.004120029368146622,-0.0019356568453588394
A,4,case_ii_edge,10.0,1.0,depth_nm+,-0.005896468633137114,-0.03506146006634059
A,4,case_ii_edge,10.0,1.0,depth_nm-,0.0013357601368851058,-0.0032908539256287332
A,4,case_ii_edge,10.0,1.0,half_x_nm+,0.00342560363603045,0.0003066538282780473
A,4,case_ii_edge,10.0,1.0,half_x_nm-,0.002425154203179583,0.009711732187727723
A,4,case_ii_edge,10.0,1.0,half_z_nm+,-0.004351014226432637,0.004690027075007569
A,4,case_ii_edge,10.0,1.0,half_z_nm-,-0.0019226185247652045,0.004849978908532969
A,4,case_ii_edge,10.0,1.0,period_nm+,-0.0024664131976326054,0.009679834155838726
A,4,case_ii_edge,10.0,1.0,period_nm-,0.0018507745305430257,0.0002386275407467176
A,4,case_ii_edge,20.0,0.5,baseline,-1.551949334492944e-05,-0.00041081502793781713
A,4,case_ii_edge,20.0,0.5,depth_nm+,-3.915652308281517e-05,-0.0006249715010144749
A,4,case_ii_edge,20.0,0.5,depth_nm-,8.857141247685385e-05,-3.793684861242916e-05
A,4,case_ii_edge,20.0,0.5,half_x_nm+,0.0001259666211660751,5.769613240467e-05
A,4,case_ii_edge,20.0,0.5,half_x_nm-,-0.0001667888174021817,-0.00017569850238206147
A,4,case_ii_edge,20.0,0.5,half_z_nm+,-0.00018183144939191292,-0.0005986070950580701
A,4,case_ii_edge,20.0,0.5,half_z_nm-,-8.798834352991697e-05,-0.0002522416785207728
A,4,case_ii_edge,20.0,0.5,period_nm+,-0.00015273489879549795,-0.00036871762244840636
A,4,case_ii_edge,20.0,0.5,period_nm-,-6.705310444312523e-05,2.1260551894810874e-07
A,4,case_ii_edge,20.0,1.0,baseline,5.512577299190968e-05,-0.0012383318428006527
A,4,case_ii_edge,20.0,1.0,depth_nm+,0.0003250781617094023,-0.002117414076911947
A,4,case_ii_edge,20.0,1.0,depth_nm-,0.0009017179724696844,-0.00015442540977607692
A,4,case_ii_edge,20.0,1.0,half_x_nm+,0.0014321161278227218,1.2300187549467087e-05
A,4,case_ii_edge,20.0,1.0,half_x_nm-,-0.001210456439868196,-0.00038547373393443395
A,4,case_ii_edge,20.0,1.0,half_z_nm+,-0.0007329971368928156,-0.0017780583791187285
A,4,case_ii_edge,20.0,1.0,half_z_nm-,-0.0004625241386263246,-0.0007151486764420349
A,4,case_ii_edge,20.0,1.0,period_nm+,-0.0007450948853377215,-0.0010242070782091198
A,4,case_ii_edge,20.0,1.0,period_nm-,-0.0005932306538376508,1.5416726228539481e-06
A_pocket,4,case_ii_edge,5.0,0.5,baseline,0.0010098257793996908,0.003653319956012535
A_pocket,4,case_ii_edge,5.0,0.5,depth_nm+,-0.00019661226479741022,-0.00040219550678655125
A_pocket,4,case_ii_edge,5.0,0.5,depth_nm-,-9.909958148316203e-05,-0.0009440230475771388
A_pocket,4,case_ii_edge,5.0,0.5,half_x_nm+,0.0006284736436826532,0.0019906864277203784
A_pocket,4,case_ii_edge,5.0,0.5,half_x_nm-,0.00012987743606708395,0.0011471598502182934
A_pocket,4,case_ii_edge,5.0,0.5,half_z_nm+,0.0008054868104357977,0.0028672587234687685
A_pocket,4,case_ii_edge,5.0,0.5,half_z_nm-,2.6589507816952157e-05,-0.0002466521350050488
A_pocket,4,case_ii_edge,5.0,0.5,period_nm+,1.744675771039178e-05,-0.0010707527426118968
A_pocket,4,case_ii_edge,5.0,0.5,period_nm-,2.2914035307257732e-05,3.6441710814356064e-05
A_pocket,4,case_ii_edge,5.0,1.0,baseline,0.0034375593273821003,0.01813782916597334
A_pocket,4,case_ii_edge,5.0,1.0,depth_nm+,0.0018355906213412057,0.002335761754729382
A_pocket,4,case_ii_edge,5.0,1.0,depth_nm-,-0.0019105479555507482,-0.006880803708206054
A_pocket,4,case_ii_edge,5.0,1.0,half_x_nm+,0.0002783802883753253,0.00712096008587404
A_pocket,4,case_ii_edge,5.0,1.0,half_x_nm-,0.0025073399930572726,0.008815698353300788
A_pocket,4,case_ii_edge,5.0,1.0,half_z_nm+,0.0010463501990184976,0.01253193177600842
A_pocket,4,case_ii_edge,5.0,1.0,half_z_nm-,-0.001847499066840605,-0.0038436892007521484
A_pocket,4,case_ii_edge,5.0,1.0,period_nm+,-0.004063586202840433,-0.008539256026139863
A_pocket,4,case_ii_edge,5.0,1.0,period_nm-,0.001366394503400252,0.00017643001377668703
A_pocket,4,case_ii_edge,10.0,0.5,baseline,-0.0001409038886729698,-0.00027759115630301284
A_pocket,4,case_ii_edge,10.0,0.5,depth_nm+,-0.00023614431310522814,-0.001058495775267121
A_pocket,4,case_ii_edge,10.0,0.5,depth_nm-,3.54255658861222e-05,-2.87201645356866e-05
A_pocket,4,case_ii_edge,10.0,0.5,half_x_nm+,0.00011802748933093053,0.00028678990231761903
A_pocket,4,case_ii_edge,10.0,0.5,half_x_nm-,9.580948678994828e-05,0.00046843067040135133
A_pocket,4,case_ii_edge,10.0,0.5,half_z_nm+,-0.00015685286837778013,-7.048060814406065e-05
A_pocket,4,case_ii_edge,10.0,0.5,half_z_nm-,-5.000459497876263e-05,7.050537299222587e-05
A_pocket,4,case_ii_edge,10.0,0.5,period_nm+,-8.327644131724508e-05,0.0001547803582977597
A_pocket,4,case_ii_edge,10.0,0.5,period_nm-,6.162852432710017e-05,1.0792394112411652e-06
A_pocket,4,case_ii_edge,10.0,1.0,baseline,-0.0008716436153956772,-0.0008184130123794764
A_pocket,4,case_ii_edge,10.0,1.0,depth_nm+,-0.0010891322228927802,-0.00454102731915193
A_pocket,4,case_ii_edge,10.0,1.0,depth_nm-,0.000350219842919601,-0.0003221516910444089
A_pocket,4,case_ii_edge,10.0,1.0,half_x_nm+,0.0008614953429511435,0.0005099569854179892
A_pocket,4,case_ii_edge,10.0,1.0,half_x_nm-,0.0005265270192871246,0.0017562718289350285
A_pocket,4,case_ii_edge,10.0,1.0,half_z_nm+,-0.0009667345972144241,0.00020459945887860154
A_pocket,4,case_ii_edge,10.0,1.0,half_z_nm-,-0.00047644083965862546,0.000515214215359848
A_pocket,4,case_ii_edge,10.0,1.0,period_nm+,-0.0008326119700248179,0.0010083656751427618
A_pocket,4,case_ii_edge,10.0,1.0,period_nm-,0.00034625919188076976,1.3317639295074108e-05
A_pocket,4,case_ii_edge,20.0,0.5,baseline,8.490904100219923e-06,-5.12518936803992e-05
A_pocket,4,case_ii_edge,20.0,0.5,depth_nm+,-3.3515280290011273e-06,-6.398052069898214e-05
A_pocket,4,case_ii_edge,20.0,0.5,depth_nm-,1.6717292321611656e-05,1.895115065008758e-06
A_pocket,4,case_ii_edge,20.0,0.5,half_x_nm+,1.229464502425573e-05,3.120191525420382e-05
A_pocket,4,case_ii_edge,20.0,0.5,half_x_nm-,-3.761406900622006e-05,-1.9571177970301168e-05
A_pocket,4,case_ii_edge,20.0,0.5,half_z_nm+,-3.873566167951394e-05,-7.259587674772819e-05
A_pocket,4,case_ii_edge,20.0,0.5,half_z_nm-,-2.0467356729713185e-05,-3.190051038583566e-05
A_pocket,4,case_ii_edge,20.0,0.5,period_nm+,-2.209519239990132e-05,-4.4348875514760994e-05
A_pocket,4,case_ii_edge,20.0,0.5,period_nm-,-8.811010091649366e-06,-3.5311628137735756e-09
A_pocket,4,case_ii_edge,20.0,1.0,baseline,7.788234083731457e-05,-0.00016473848983921367
A_pocket,4,case_ii_edge,20.0,1.0,depth_nm+,5.331859313404026e-05,-0.00026394412955947286
A_pocket,4,case_ii_edge,20.0,1.0,depth_nm-,0.00018826911986433853,-7.755384673970977e-06
A_pocket,4,case_ii_edge,20.0,1.0,half_x_nm+,0.00022961892745152097,4.225696292959116e-05
A_pocket,4,case_ii_edge,20.0,1.0,half_x_nm-,-0.00026115729544865657,-5.6146255012000205e-05
A_pocket,4,case_ii_edge,20.0,1.0,half_z_nm+,-0.0001571569583881105,-0.00023399687735171058
A_pocket,4,case_ii_edge,20.0,1.0,half_z_nm-,-9.02011794633624e-05,-9.80680311447749e-05
A_pocket,4,case_ii_edge,20.0,1.0,period_nm+,-5.816147696739021e-05,-0.0001355688705869506
A_pocket,4,case_ii_edge,20.0,1.0,period_nm-,-9.552152972043884e-05,-2.149891113278141e-08
B_x,4,case_ii_edge,5.0,0.5,baseline,0.009236522517215946,0.03885125941963652
B_x,4,case_ii_edge,5.0,0.5,depth_nm+,-0.0019665060184669153,-0.0015523777072626865
B_x,4,case_ii_edge,5.0,0.5,depth_nm-,-0.0017003265584919769,-0.013946450069305685
B_x,4,case_ii_edge,5.0,0.5,half_x_nm+,0.006405832085805724,0.024973655813116058
B_x,4,case_ii_edge,5.0,0.5,half_x_nm-,0.0009747065039552999,0.013172562215229444
B_x,4,case_ii_edge,5.0,0.5,half_z_nm+,0.00727141852083249,0.02819974372161238
B_x,4,case_ii_edge,5.0,0.5,half_z_nm-,0.0001779976515090681,-0.004939701850854378
B_x,4,case_ii_edge,5.0,0.5,period_nm+,-0.0004678708251938113,-0.007705096549866813
B_x,4,case_ii_edge,5.0,0.5,period_nm-,0.0011149606634354714,0.0017816577639550954
B_x,4,case_ii_edge,5.0,1.0,baseline,0.019050705318187436,0.2307690593891742
B_x,4,case_ii_edge,5.0,1.0,depth_nm+,0.011172884958661283,0.1093696524786113
B_x,4,case_ii_edge,5.0,1.0,depth_nm-,-0.012658680746580053,-0.05646370916504783
B_x,4,case_ii_edge,5.0,1.0,half_x_nm+,-0.0035066869012647106,0.27068107378248546
B_x,4,case_ii_edge,5.0,1.0,half_x_nm-,0.015201414088387655,0.12830309681468602
B_x,4,case_ii_edge,5.0,1.0,half_z_nm+,0.004508362922863524,0.22454098077027684
B_x,4,case_ii_edge,5.0,1.0,half_z_nm-,-0.012528183514373126,0.018368453889780034
B_x,4,case_ii_edge,5.0,1.0,period_nm+,-0.015686760216672646,-0.027252909794204347
B_x,4,case_ii_edge,5.0,1.0,period_nm-,0.015109504753244754,0.03352147382502502
B_x,4,case_ii_edge,10.0,0.5,baseline,-0.001348731155229252,-0.0030024220337864158
B_x,4,case_ii_edge,10.0,0.5,depth_nm+,-0.0025525222987998614,-0.013013237690541773
B_x,4,case_ii_edge,10.0,0.5,depth_nm-,0.0002875048021559745,-0.0010314960909667027
B_x,4,case_ii_edge,10.0,0.5,half_x_nm+,0.00124449938655119,0.0018137425835885457
B_x,4,case_ii_edge,10.0,0.5,half_x_nm-,0.0009947585079736043,0.004173836488885224
B_x,4,case_ii_edge,10.0,0.5,half_z_nm+,-0.0012673770578091742,-0.0012586659092047314
B_x,4,case_ii_edge,10.0,0.5,half_z_nm-,-0.0004818071027897289,0.0008997542399432068
B_x,4,case_ii_edge,10.0,0.5,period_nm+,-0.00038259359653607106,0.0011178075616745768
B_x,4,case_ii_edge,10.0,0.5,period_nm-,0.0011312966201970538,0.00015700216413821382
B_x,4,case_ii_edge,10.0,1.0,baseline,-0.007216521248984337,-0.0030071385919397953
B_x,4,case_ii_edge,10.0,1.0,depth_nm+,-0.009778115947172705,-0.05662678026543444
B_x,4,case_ii_edge,10.0,1.0,depth_nm-,0.002639036457606214,-0.004207802278829751
B_x,4,case_ii_edge,10.0,1.0,half_x_nm+,0.007273788316612212,0.009499866624824382
B_x,4,case_ii_edge,10.0,1.0,half_x_nm-,0.004454691637440033,0.016667045197570368
B_x,4,case_ii_edge,10.0,1.0,half_z_nm+,-0.007399325630760567,0.008075554504776442
B_x,4,case_ii_edge,10.0,1.0,half_z_nm-,-0.003871372031890405,0.009819784578415161
B_x,4,case_ii_edge,10.0,1.0,period_nm+,-0.0037848857626908983,0.008310876014959539
B_x,4,case_ii_edge,10.0,1.0,period_nm-,0.0048881821740727055,0.002097157620424274
B_x,4,case_ii_edge,20.0,0.5,baseline,-0.00011171987273427691,-0.0007765584977762977
B_x,4,case_ii_edge,20.0,0.5,depth_nm+,-7.718565383449047e-05,-0.0012565580389525127
B_x,4,case_ii_edge,20.0,0.5,depth_nm-,0.00015648452269521884,-0.00011909126594204702
B_x,4,case_ii_edge,20.0,0.5,half_x_nm+,0.0002758505936930264,-9.6313189069476e-05
B_x,4,case_ii_edge,20.0,0.5,half_x_nm-,-0.0002474133459896971,-0.00023154382649140208
B_x,4,case_ii_edge,20.0,0.5,half_z_nm+,-0.0002841810674407419,-0.0011174132894384084
B_x,4,case_ii_edge,20.0,0.5,half_z_nm-,-0.00018254452558569279,-0.0004888310921537607
B_x,4,case_ii_edge,20.0,0.5,period_nm+,-0.00018546147342385355,-0.0003352359585352899
B_x,4,case_ii_edge,20.0,0.5,period_nm-,-0.00024265838552588181,1.265725747083874e-06
B_x,4,case_ii_edge,20.0,1.0,baseline,-0.00023247567617601383,-0.002333584365760405
B_x,4,case_ii_edge,20.0,1.0,depth_nm+,0.0007913410188008368,-0.0037824162906793246
B_x,4,case_ii_edge,20.0,1.0,depth_nm-,0.0016353959197392132,-0.0003138084626922088
B_x,4,case_ii_edge,20.0,1.0,half_x_nm+,0.0029474358961574243,-0.0001788127027722939
B_x,4,case_ii_edge,20.0,1.0,half_x_nm-,-0.0019454730875150122,-0.0004934904681510649
B_x,4,case_ii_edge,20.0,1.0,half_z_nm+,-0.0011183188104109676,-0.003282221530821373
B_x,4,case_ii_edge,20.0,1.0,half_z_nm-,-0.0009843854488044146,-0.0014194675850834918
B_x,4,case_ii_edge,20.0,1.0,period_nm+,-0.0008824359144227745,-0.0009509568689558944
B_x,4,case_ii_edge,20.0,1.0,period_nm-,-0.002074529922639623,3.394067320207663e-06
B_z,4,case_ii_edge,5.0,0.5,baseline,0.005166219911067225,0.02071561413860265
B_z,4,case_ii_edge,5.0,0.5,depth_nm+,-0.001055594431150858,-0.0030308487122094885
B_z,4,case_ii_edge,5.0,0.5,depth_nm-,-0.0006702261725499703,-0.005982899397100741
B_z,4,case_ii_edge,5.0,0.5,half_x_nm+,0.003517702226311696,0.011792762195623363
B_z,4,case_ii_edge,5.0,0.5,half_x_nm-,0.0005399223172271733,0.006550763694940759
B_z,4,case_ii_edge,5.0,0.5,half_z_nm+,0.00426119158550603,0.015868356628138347
B_z,4,case_ii_edge,5.0,0.5,half_z_nm-,0.00020336509925003576,-0.002378765301265018
B_z,4,case_ii_edge,5.0,0.5,period_nm+,-0.00028848317689977865,-0.007333694042456679
B_z,4,case_ii_edge,5.0,0.5,period_nm-,0.00011013844232789227,0.00026352803800126453
B_z,4,case_ii_edge,5.0,1.0,baseline,0.014208146844250286,0.12715767326730043
B_z,4,case_ii_edge,5.0,1.0,depth_nm+,0.004814802011348429,0.026715527220449342
B_z,4,case_ii_edge,5.0,1.0,depth_nm-,-0.007132943131621328,-0.031581034043950906
B_z,4,case_ii_edge,5.0,1.0,half_x_nm+,0.004383975257134992,0.09742803469458472
B_z,4,case_ii_edge,5.0,1.0,half_x_nm-,0.007674540683992259,0.05827748103817468
B_z,4,case_ii_edge,5.0,1.0,half_z_nm+,0.005850528605404276,0.12316704227509467
B_z,4,case_ii_edge,5.0,1.0,half_z_nm-,-0.005240097523006304,-0.00045010771287920526
B_z,4,case_ii_edge,5.0,1.0,period_nm+,-0.012464394021133307,-0.015729334688914368
B_z,4,case_ii_edge,5.0,1.0,period_nm-,0.0044001395633744,0.002800097368491736
B_z,4,case_ii_edge,10.0,0.5,baseline,-0.0007374042278060142,-0.0016316825665066773
B_z,4,case_ii_edge,10.0,0.5,depth_nm+,-0.0015122103820184446,-0.0077273270139159855
B_z,4,case_ii_edge,10.0,0.5,depth_nm-,0.00014505596284446198,-0.00047921628316236614
B_z,4,case_ii_edge,10.0,0.5,half_x_nm+,0.0005936385398769978,0.0007818978048360903
B_z,4,case_ii_edge,10.0,0.5,half_x_nm-,0.000547258974479773,0.0024741279782331954
B_z,4,case_ii_edge,10.0,0.5,half_z_nm+,-0.0007582738706344988,-0.0007099716452339117
B_z,4,case_ii_edge,10.0,0.5,half_z_nm-,-0.00024755590000422045,0.0003668277468498529
B_z,4,case_ii_edge,10.0,0.5,period_nm+,-0.00037982310776200207,0.0011085024400580706
B_z,4,case_ii_edge,10.0,0.5,period_nm-,0.0003474332408285735,1.8237032471175144e-05
B_z,4,case_ii_edge,10.0,1.0,baseline,-0.004163182486507738,-0.004486783846614682
B_z,4,case_ii_edge,10.0,1.0,depth_nm+,-0.005512156171045196,-0.034379033334968695
B_z,4,case_ii_edge,10.0,1.0,depth_nm-,0.0016469627636695183,-0.0020868614393553774
B_z,4,case_ii_edge,10.0,1.0,half_x_nm+,0.004163707723728205,0.003074762008222709
B_z,4,case_ii_edge,10.0,1.0,half_x_nm-,0.002330902181085698,0.01023648030243346
B_z,4,case_ii_edge,10.0,1.0,half_z_nm+,-0.004587563202690298,0.0014970295557733548
B_z,4,case_ii_edge,10.0,1.0,half_z_nm-,-0.002327640145640464,0.0031829949639880645
B_z,4,case_ii_edge,10.0,1.0,period_nm+,-0.0038871755542172065,0.007996569366087208
B_z,4,case_ii_edge,10.0,1.0,period_nm-,0.001507998886009096,0.0002832695670056593
B_z,4,case_ii_edge,20.0,0.5,baseline,-4.1157264807557825e-05,-0.0003949038327235397
B_z,4,case_ii_edge,20.0,0.5,depth_nm+,-5.806141595933109e-05,-0.000745013952942436
B_z,4,case_ii_edge,20.0,0.5,depth_nm-,6.905186631804561e-05,-5.6030244051153734e-05
B_z,4,case_ii_edge,20.0,0.5,half_x_nm+,9.655863541375986e-05,-4.838441919612427e-05
B_z,4,case_ii_edge,20.0,0.5,half_x_nm-,-0.00016500116757906663,-0.00012531674971622692
B_z,4,case_ii_edge,20.0,0.5,half_z_nm+,-0.00019500563400215443,-0.0006090693135578952
B_z,4,case_ii_edge,20.0,0.5,half_z_nm-,-0.0001089422470634191,-0.00023329380722294894
B_z,4,case_ii_edge,20.0,0.5,period_nm+,-0.00018971848639602606,-0.00032687721064242944
B_z,4,case_ii_edge,20.0,0.5,period_nm-,-7.207513811996816e-05,9.456039619588296e-08
B_z,4,case_ii_edge,20.0,1.0,baseline,-3.34830254051649e-05,-0.0011524974620287804
B_z,4,case_ii_edge,20.0,1.0,depth_nm+,0.00028606789573489,-0.002233772175786127
B_z,4,case_ii_edge,20.0,1.0,depth_nm-,0.0008113029921404252,-0.00015404230383939599
B_z,4,case_ii_edge,20.0,1.0,half_x_nm+,0.0013208579283830874,-0.00013349553327217725
B_z,4,case_ii_edge,20.0,1.0,half_x_nm-,-0.0012378602770717062,-0.00030368915170950715
B_z,4,case_ii_edge,20.0,1.0,half_z_nm+,-0.0008145437352759244,-0.0017651161390591173
B_z,4,case_ii_edge,20.0,1.0,half_z_nm-,-0.0005682876474292498,-0.0006657257026788897
B_z,4,case_ii_edge,20.0,1.0,period_nm+,-0.0008669406997489637,-0.0009401951500004847
B_z,4,case_ii_edge,20.0,1.0,period_nm-,-0.0006394483348640956,7.01654715321879e-07
A,5,case_i_center,5.0,0.5,baseline,-3.716228986472281e-05,-0.0012038856497938242
A,5,case_i_center,5.0,0.5,depth_nm+,0.0004626386670951426,0.0024313415268290457
A,5,case_i_center,5.0,0.5,depth_nm-,-4.9271084753998995e-05,-0.00048826553741666454
A,5,case_i_center,5.0,0.5,half_x_nm+,0.0001266144193949742,0.0012392031402964658
A,5,case_i_center,5.0,0.5,half_x_nm-,-0.00018483467811475363,-0.0003649935246103459
A,5,case_i_center,5.0,0.5,half_z_nm+,0.00027847109653439395,0.00044885790634578183
A,5,case_i_center,5.0,0.5,half_z_nm-,6.008676171883123e-05,0.0005907218972650372
A,5,case_i_center,5.0,0.5,period_nm+,-8.981456761528173e-05,-0.0006810429826960987
A,5,case_i_center,5.0,0.5,period_nm-,-0.00032027582766269713,-0.002096936912324026
A,5,case_i_center,5.0,1.0,baseline,-0.0018390315493723164,0.006705272917855219
A,5,case_i_center,5.0,1.0,depth_nm+,0.002619618531328083,0.018322318691817746
A,5,case_i_center,5.0,1.0,depth_nm-,-0.0008505545373372336,0.0029292682031210344
A,5,case_i_center,5.0,1.0,half_x_nm+,0.001788091268836986,0.006798036092079695
A,5,case_i_center,5.0,1.0,half_x_nm-,-0.0011735455057572258,0.0030547474395347884
A,5,case_i_center,5.0,1.0,half_z_nm+,-0.00019406096565316444,0.10474510340476902
A,5,case_i_center,5.0,1.0,half_z_nm-,0.0010724933901968409,0.003262493387980761
A,5,case_i_center,5.0,1.0,period_nm+,0.0002597696643692668,-0.004712033035459504
A,5,case_i_center,5.0,1.0,period_nm-,-0.002082314458473067,0.007023718987146498
A,5,case_i_center,10.0,0.5,baseline,1.0898272562426259e-05,-1.1067169642805304e-05
A,5,case_i_center,10.0,0.5,depth_nm+,8.193218394154586e-05,7.026993320168658e-05
A,5,case_i_center,10.0,0.5,depth_nm-,1.4107032510035644e-05,-1.267360036843573e-05
A,5,case_i_center,10.0,0.5,half_x_nm+,1.8149037809870108e-05,6.525687138721941e-05
A,5,case_i_center,10.0,0.5,half_x_nm-,-1.8757690023629703e-05,-2.74842796621223e-05
A,5,case_i_center,10.0,0.5,half_z_nm+,-1.708039414573259e-05,-7.686195021861094e-06
A,5,case_i_center,10.0,0.5,half_z_nm-,7.130792381650902e-06,2.5047008961160013e-05
A,5,case_i_center,10.0,0.5,period_nm+,-3.28333441581008e-05,7.72904013296307e-05
A,5,case_i_center,10.0,0.5,period_nm-,-8.568318925386564e-06,-3.925706068816522e-05
A,5,case_i_center,10.0,1.0,baseline,-0.0003051341120858253,-0.00017244311410259417
A,5,case_i_center,10.0,1.0,depth_nm+,-0.0008587304618697389,0.00013622818322230371
A,5,case_i_center,10.0,1.0,depth_nm-,-0.00015003527249335402,-0.00010562390849883245
A,5,case_i_center,10.0,1.0,half_x_nm+,-0.0005578882919290706,0.0001957233312243872
A,5,case_i_center,10.0,1.0,half_x_nm-,0.0001431302590939043,-0.00013344966275490906
A,5,case_i_center,10.0,1.0,half_z_nm+,0.0008384288450966476,0.0001750586332447243
A,5,case_i_center,10.0,1.0,half_z_nm-,-0.000581955258492084,8.702614818082476e-05
A,5,case_i_center,10.0,1.0,period_nm+,0.00044253170411123754,0.00011415448715115209
A,5,case_i_center,10.0,1.0,period_nm-,-0.0002195703395057036,-0.0003551151768087134
A,5,case_i_center,20.0,0.5,baseline,-2.329597642436454e-05,-7.359314390922836e-07
A,5,case_i_center,20.0,0.5,depth_nm+,6.533097764904738e-05,-1.3732265387826484e-06
A,5,case_i_center,20.0,0.5,depth_nm-,3.533786017480972e-05,3.167739815641659e-07
A,5,case_i_center,20.0,0.5,half_x_nm+,-5.1548169405071786e-05,1.090921916810997e-06
A,5,case_i_center,20.0,0.5,half_x_nm-,-3.907416481918613e-05,-8.886632733256492e-07
A,5,case_i_center,20.0,0.5,half_z_nm+,-2.3534246707937467e-05,-4.075019282728074e-06
A,5,case_i_center,20.0,0.5,half_z_nm-,-3.3124586557815167e-05,6.976565444922346e-07
A,5,case_i_center,20.0,0.5,period_nm+,-7.453086599518155e-05,1.1254210492203038e-06
A,5,case_i_center,20.0,0.5,period_nm-,-2.5100602097233304e-06,-7.950014658893758e-07
A,5,case_i_center,20.0,1.0,baseline,-7.528232287937198e-05,-3.8685499610103e-06
A,5,case_i_center,20.0,1.0,depth_nm+,0.0003052100744621311,3.5012352424564476e-06
A,5,case_i_center,20.0,1.0,depth_nm-,0.00011479852695643611,2.3692689490985237e-06
A,5,case_i_center,20.0,1.0,half_x_nm+,-0.00025199397672512336,2.8536969359866857e-06
A,5,case_i_center,20.0,1.0,half_x_nm-,-0.00014706634164798893,-4.40487706731973e-06
A,5,case_i_center,20.0,1.0,half_z_nm+,-4.140329018076372e-06,-1.5676845993920703e-05
A,5,case_i_center,20.0,1.0,half_z_nm-,-0.00016029089803552832,2.16909715412553e-06
A,5,case_i_center,20.0,1.0,period_nm+,-0.00025380196002339206,7.10797104903875e-06
A,5,case_i_center,20.0,1.0,period_nm-,5.105411963413076e-05,-4.088823612445692e-06
A_pocket,5,case_i_center,5.0,0.5,baseline,-6.472132279812526e-06,-0.0001355930132127402
A_pocket,5,case_i_center,5.0,0.5,depth_nm+,9.12741250461753e-05,0.0004115184887568176
A_pocket,5,case_i_center,5.0,0.5,depth_nm-,1.3078583467607263e-07,-5.4970112912086904e-05
A_pocket,5,case_i_center,5.0,0.5,half_x_nm+,2.1941711962257526e-05,0.00014167643519269642
A_pocket,5,case_i_center,5.0,0.5,half_x_nm-,-3.5960747634747325e-05,-0.00010676279680368189
A_pocket,5,case_i_center,5.0,0.5,half_z_nm+,4.760209218031275e-05,8.655102968102221e-05
A_pocket,5,case_i_center,5.0,0.5,half_z_nm-,5.998769693541656e-06,7.197478470814854e-05
A_pocket,5,case_i_center,5.0,0.5,period_nm+,-1.928446689201946e-05,3.075504521539516e-05
A_pocket,5,case_i_center,5.0,0.5,period_nm-,-0.000128161613744536,-0.0002632540429037492
A_pocket,5,case_i_center,5.0,1.0,baseline,0.00011666500411081082,-0.001109781632598251
A_pocket,5,case_i_center,5.0,1.0,depth_nm+,0.0009803122937953497,0.0021270292045358873
A_pocket,5,case_i_center,5.0,1.0,depth_nm-,4.331505749938236e-05,-0.00045390594524827256
A_pocket,5,case_i_center,5.0,1.0,half_x_nm+,-0.0003452890595114014,0.0012230494415980753
A_pocket,5,case_i_center,5.0,1.0,half_x_nm-,-0.0007581235857210544,-0.00019810526619054884
A_pocket,5,case_i_center,5.0,1.0,half_z_nm+,0.000934941644562523,6.779550436234946e-06
A_pocket,5,case_i_center,5.0,1.0,half_z_nm-,-0.00013422128200986632,0.000592120974312963
A_pocket,5,case_i_center,5.0,1.0,period_nm+,-0.000843873483869384,-0.0007272283247800621
A_pocket,5,case_i_center,5.0,1.0,period_nm-,-0.0003112111808618312,-0.0017872261207815578
A_pocket,5,case_i_center,10.0,0.5,baseline,4.969631841579558e-06,-1.3870097374002227e-06
A_pocket,5,case_i_center,10.0,0.5,depth_nm+,1.3482857712864265e-05,1.2143981068736716e-05
A_pocket,5,case_i_center,10.0,0.5,depth_nm-,4.506771073213567e-06,-1.8427876150446903e-06
A_pocket,5,case_i_center,10.0,0.5,half_x_nm+,3.5209797150248393e-06,1.0579429349016445e-05
A_pocket,5,case_i_center,10.0,0.5,half_x_nm-,-3.6903639544991207e-06,-4.8698595525091765e-06
A_pocket,5,case_i_center,10.0,0.5,half_z_nm+,-1.4028490558370965e-06,-3.170680266898298e-06
A_pocket,5,case_i_center,10.0,0.5,half_z_nm-,9.490760074421824e-07,4.624850371380952e-06
A_pocket,5,case_i_center,10.0,0.5,period_nm+,-2.64318485156817e-06,1.023587076618641e-05
A_pocket,5,case_i_center,10.0,0.5,period_nm-,-1.1143137082662846e-05,-5.488085497764791e-06
A_pocket,5,case_i_center,10.0,1.0,baseline,-0.000171473304955011,-1.1665270966226945e-05
A_pocket,5,case_i_center,10.0,1.0,depth_nm+,-0.0002152631525245939,3.196274972136221e-05
A_pocket,5,case_i_center,10.0,1.0,depth_nm-,-9.82658288975341e-05,-9.893046265924057e-06
A_pocket,5,case_i_center,10.0,1.0,half_x_nm+,-9.807064684885618e-05,3.570021434076871e-05
A_pocket,5,case_i_center,10.0,1.0,half_x_nm-,-4.7664705955935416e-05,-2.21859915934482e-05
A_pocket,5,case_i_center,10.0,1.0,half_z_nm+,0.00026531362767735073,-7.253897838171248e-07
A_pocket,5,case_i_center,10.0,1.0,half_z_nm-,-0.00010022965061811696,1.4581758242827847e-05
A_pocket,5,case_i_center,10.0,1.0,period_nm+,2.420765561067517e-05,4.078259321395062e-05
A_pocket,5,case_i_center,10.0,1.0,period_nm-,-0.00015809175328540537,-2.9131611533168454e-05
A_pocket,5,case_i_center,20.0,0.5,baseline,2.893582991042934e-06,-1.8531984435162554e-07
A_pocket,5,case_i_center,20.0,0.5,depth_nm+,1.909694551340338e-05,-5.140067769882474e-07
A_pocket,5,case_i_center,20.0,0.5,depth_nm-,9.301530492153431e-06,9.02812759601929e-09
A_pocket,5,case_i_center,20.0,0.5,half_x_nm+,-1.4424868276284933e-05,1.8028007900218116e-07
A_pocket,5,case_i_center,20.0,0.5,half_x_nm-,-1.3350956119725574e-05,-1.835545385149421e-07
A_pocket,5,case_i_center,20.0,0.5,half_z_nm+,-1.3750222557288444e-05,-6.118957887947426e-07
A_pocket,5,case_i_center,20.0,0.5,half_z_nm-,-8.832482297764076e-06,9.122721215249738e-08
A_pocket,5,case_i_center,20.0,0.5,period_nm+,-2.1516431963367055e-05,1.7406960370974724e-07
A_pocket,5,case_i_center,20.0,0.5,period_nm-,4.569926900042237e-06,-1.4554208410177472e-07
A_pocket,5,case_i_center,20.0,1.0,baseline,3.1902559499627503e-06,-6.931049207706816e-07
A_pocket,5,case_i_center,20.0,1.0,depth_nm+,9.691783679691146e-05,-1.2813500339452731e-06
A_pocket,5,case_i_center,20.0,1.0,depth_nm-,4.1299107852478534e-05,1.4959326793080244e-07
A_pocket,5,case_i_center,20.0,1.0,half_x_nm+,-6.763990191835031e-05,6.808274429521486e-07
A_pocket,5,case_i_center,20.0,1.0,half_x_nm-,-5.9371632966244425e-05,-6.722665498855738e-07
A_pocket,5,case_i_center,20.0,1.0,half_z_nm+,-4.262105616491263e-05,-2.1530808987396365e-06
A_pocket,5,case_i_center,20.0,1.0,half_z_nm-,-4.638121725488581e-05,3.6126270952727756e-07
A_pocket,5,case_i_center,20.0,1.0,period_nm+,-9.738244212278285e-05,5.77018363251764e-07
A_pocket,5,case_i_center,20.0,1.0,period_nm-,3.5560370599645175e-05,-3.959559532262178e-07
B_x,5,case_i_center,5.0,0.5,baseline,1.0022929241678552e-05,-5.141390748694512e-05
B_x,5,case_i_center,5.0,0.5,depth_nm+,7.927935634133876e-05,0.0003575400308745407
B_x,5,case_i_center,5.0,0.5,depth_nm-,-2.265167981716637e-06,-1.0914111344940752e-05
B_x,5,case_i_center,5.0,0.5,half_x_nm+,5.820112217461149e-06,4.093248961636268e-05
B_x,5,case_i_center,5.0,0.5,half_x_nm-,-1.64673953747356e-05,-6.195316545736266e-05
B_x,5,case_i_center,5.0,0.5,half_z_nm+,4.561704880718352e-05,6.409279714126789e-05
B_x,5,case_i_center,5.0,0.5,half_z_nm-,-1.3549043780146028e-06,2.1752312890240075e-05
B_x,5,case_i_center,5.0,0.5,period_nm+,3.067793977380197e-06,1.031705104909044e-05
B_x,5,case_i_center,5.0,0.5,period_nm-,-0.00014930270052471162,-0.0005766574127826392
B_x,5,case_i_center,5.0,1.0,baseline,0.0003317935106407349,-0.00028915158197837833
B_x,5,case_i_center,5.0,1.0,depth_nm+,0.00036519294771512954,0.0019396089847007279
B_x,5,case_i_center,5.0,1.0,depth_nm-,0.00010270114564109312,-6.185795194247343e-05
B_x,5,case_i_center,5.0,1.0,half_x_nm+,-0.0002926107747021067,0.00024421223210186957
B_x,5,case_i_center,5.0,1.0,half_x_nm-,-0.00031528115771405074,-0.0003310698800956112
B_x,5,case_i_center,5.0,1.0,half_z_nm+,0.0007024348750051326,0.0003831917848112123
B_x,5,case_i_center,5.0,1.0,half_z_nm-,-0.00021242579016105684,0.0001273154896935533
B_x,5,case_i_center,5.0,1.0,period_nm+,-0.00013754140592036126,4.4745842495756e-05
B_x,5,case_i_center,5.0,1.0,period_nm-,0.00037269402764500414,-0.003792615696436909
B_x,5,case_i_center,10.0,0.5,baseline,3.3262168240288936e-06,-8.150204936310823e-07
B_x,5,case_i_center,10.0,0.5,depth_nm+,1.3060272746670803e-05,9.128053588202951e-06
B_x,5,case_i_center,10.0,0.5,depth_nm-,2.2888430218368297e-06,-4.955783934104923e-07
B_x,5,case_i_center,10.0,0.5,half_x_nm+,1.4698595897329257e-06,3.5913661169776094e-06
B_x,5,case_i_center,10.0,0.5,half_x_nm-,-2.1504451620593668e-06,-2.6695236787696033e-06
B_x,5,case_i_center,10.0,0.5,half_z_nm+,1.2818321591216708e-06,-1.5663761643634842e-06
B_x,5,case_i_center,10.0,0.5,half_z_nm-,4.790706367916158e-07,1.6209300828866314e-06
B_x,5,case_i_center,10.0,0.5,period_nm+,-4.705488088835655e-07,1.5528547608207048e-06
B_x,5,case_i_center,10.0,0.5,period_nm-,-1.1404569179543356e-05,-1.3646830890081101e-05
B_x,5,case_i_center,10.0,1.0,baseline,-8.76034462826969e-05,-2.9055399956904563e-06
B_x,5,case_i_center,10.0,1.0,depth_nm+,-0.00016229097739153472,3.562285247611912e-05
B_x,5,case_i_center,10.0,1.0,depth_nm-,-2.8774418305614613e-05,-1.8204198474072806e-06
B_x,5,case_i_center,10.0,1.0,half_x_nm+,-2.2501670706427538e-05,1.3517021991828388e-05
B_x,5,case_i_center,10.0,1.0,half_x_nm-,-4.792396185408776e-05,-1.0258700364681664e-05
B_x,5,case_i_center,10.0,1.0,half_z_nm+,0.00015491020427919888,-5.355716163429848e-06
B_x,5,case_i_center,10.0,1.0,half_z_nm-,-2.6739024940764747e-05,6.148443654939429e-06
B_x,5,case_i_center,10.0,1.0,period_nm+,-3.1232935855211863e-06,5.662102886143047e-06
B_x,5,case_i_center,10.0,1.0,period_nm-,-0.00033198001273998523,-4.60472472851223e-05
B_x,5,case_i_center,20.0,0.5,baseline,3.920614522987323e-06,-8.130631900812402e-08
B_x,5,case_i_center,20.0,0.5,depth_nm+,1.6295314920320228e-05,-1.6808107565746125e-07
B_x,5,case_i_center,20.0,0.5,depth_nm-,2.9852001862747286e-06,1.251831034472803e-08
B_x,5,case_i_center,20.0,0.5,half_x_nm+,-6.571082972737976e-06,5.7212748043015016e-08
B_x,5,case_i_center,20.0,0.5,half_x_nm-,-8.393878151036031e-06,-9.588449225126245e-08
B_x,5,case_i_center,20.0,0.5,half_z_nm+,-9.226211346512539e-06,-2.845012909230438e-07
B_x,5,case_i_center,20.0,0.5,half_z_nm-,-4.235114858792402e-06,3.2171820118577136e-08
B_x,5,case_i_center,20.0,0.5,period_nm+,-6.1197089501171045e-06,2.3629005883345406e-08
B_x,5,case_i_center,20.0,0.5,period_nm-,5.56325072904526e-06,-3.9305055273975017e-07
B_x,5,case_i_center,20.0,1.0,baseline,1.0566751805267394e-05,-3.0516602341616354e-07
B_x,5,case_i_center,20.0,1.0,depth_nm+,8.292494152532456e-05,-6.823316353028421e-07
B_x,5,case_i_center,20.0,1.0,depth_nm-,1.354572087316954e-05,4.380616967423584e-08
B_x,5,case_i_center,20.0,1.0,half_x_nm+,-2.8736135573973615e-05,2.1041554999235172e-07
B_x,5,case_i_center,20.0,1.0,half_x_nm-,-3.8118776853373476e-05,-3.6514778483497185e-07
B_x,5,case_i_center,20.0,1.0,half_z_nm+,-3.2388729652305104e-05,-1.0619537492679462e-06
B_x,5,case_i_center,20.0,1.0,half_z_nm-,-2.0662484983740084e-05,1.201413029130575e-07
B_x,5,case_i_center,20.0,1.0,period_nm+,-2.826427177697946e-05,8.757826178489253e-08
B_x,5,case_i_center,20.0,1.0,period_nm-,4.439768208461259e-05,-1.2468986487364876e-06
B_z,5,case_i_center,5.0,0.5,baseline,-1.321952737148857e-05,-0.0008659934453351527
B_z,5,case_i_center,5.0,0.5,depth_nm+,0.00046149583598488985,0.0025194416087091463
B_z,5,case_i_center,5.0,0.5,depth_nm-,-2.972622923236301e-05,-0.00038847647159794604
B_z,5,case_i_center,5.0,0.5,half_x_nm+,2.3204773222068598e-05,0.0011930726148029966
B_z,5,case_i_center,5.0,0.5,half_x_nm-,-0.00016250472001771987,-0.0005152711525175065
B_z,5,case_i_center,5.0,0.5,half_z_nm+,0.00026736185026679515,0.0008045435645684194
B_z,5,case_i_center,5.0,0.5,half_z_nm-,7.334292456959157e-06,0.0005158511592387558
B_z,5,case_i_center,5.0,0.5,period_nm+,-0.00012762937958285536,-0.00038262466944619794
B_z,5,case_i_center,5.0,0.5,period_nm-,-0.00023418562708932278,-0.001784293268235487
B_z,5,case_i_center,5.0,1.0,baseline,-9.381434939442768e-05,0.04374109115331888
B_z,5,case_i_center,5.0,1.0,depth_nm+,0.0029746258556404767,0.01300938527980612
B_z,5,case_i_center,5.0,1.0,depth_nm-,-0.00025187052074587823,0.00972772161643425
B_z,5,case_i_center,5.0,1.0,half_x_nm+,-0.00020569667436529278,0.006729205386761174
B_z,5,case_i_center,5.0,1.0,half_x_nm-,-0.0017740492236014704,0.002995397379495421
B_z,5,case_i_center,5.0,1.0,half_z_nm+,0.002107396132728645,0.012622601061207765
B_z,5,case_i_center,5.0,1.0,half_z_nm-,2.324614816818062e-05,0.0029819318333382124
B_z,5,case_i_center,5.0,1.0,period_nm+,-0.001558066347236653,-0.005066242887181389
B_z,5,case_i_center,5.0,1.0,period_nm-,-0.0005142308391131722,0.35115142289942725
B_z,5,case_i_center,10.0,0.5,baseline,2.229352808510998e-05,-1.3374465934615188e-05
B_z,5,case_i_center,10.0,0.5,depth_nm+,6.832140189167585e-05,6.210706937753111e-05
B_z,5,case_i_center,10.0,0.5,depth_nm-,1.3746487035115607e-05,-1.2594809582617818e-05
B_z,5,case_i_center,10.0,0.5,half_x_nm+,1.946599176139152e-05,6.018855229404641e-05
B_z,5,case_i_center,10.0,0.5,half_x_nm-,-7.021515611799201e-06,-3.136019571126596e-05
B_z,5,case_i_center,10.0,0.5,half_z_nm+,-2.7309912914566525e-05,-3.683360992382998e-06
B_z,5,case_i_center,10.0,0.5,half_z_nm-,8.442817876716871e-06,2.4426213273040666e-05
B_z,5,case_i_center,10.0,0.5,period_nm+,-1.2965539097575807e-05,7.331861813877606e-05
B_z,5,case_i_center,10.0,0.5,period_nm-,-1.1927844539544319e-05,-3.813747341570046e-05
B_z,5,case_i_center,10.0,1.0,baseline,-0.000560866336431487,-2.6774581511438908e-05
B_z,5,case_i_center,10.0,1.0,depth_nm+,-0.0009434641791159076,0.00024311150599406128
B_z,5,case_i_center,10.0,1.0,depth_nm-,-0.0003054268290202389,-3.975935724197984e-05
B_z,5,case_i_center,10.0,1.0,half_x_nm+,-0.00045775879169735606,0.0002103165532372118
B_z,5,case_i_center,10.0,1.0,half_x_nm-,-8.183974342107492e-05,-0.0001806010953639927
B_z,5,case_i_center,10.0,1.0,half_z_nm+,0.0009266656048579625,0.00013674027488900554
B_z,5,case_i_center,10.0,1.0,half_z_nm-,-0.00039065499431790995,8.833221149958832e-05
B_z,5,case_i_center,10.0,1.0,period_nm+,0.00017283023053721314,0.0005643556619152985
B_z,5,case_i_center,10.0,1.0,period_nm-,-0.0004637193197587486,-0.0001644962419403899
B_z,5,case_i_center,20.0,0.5,baseline,-1.276569860728799e-05,-1.15752931832418e-06
B_z,5,case_i_center,20.0,0.5,depth_nm+,7.371159834893004e-05,-1.0729615619884048e-06
B_z,5,case_i_center,20.0,0.5,depth_nm-,3.3877814093759284e-05,3.346230953791283e-07
B_z,5,case_i_center,20.0,0.5,half_x_nm+,-6.512730991391907e-05,8.846260020212775e-07
B_z,5,case_i_center,20.0,0.5,half_x_nm-,-4.180187784401379e-05,-1.0692340928883667e-06
B_z,5,case_i_center,20.0,0.5,half_z_nm+,-2.212429387286885e-05,-3.160196270878629e-06
B_z,5,case_i_center,20.0,0.5,half_z_nm-,-4.113392413912162e-05,4.625002928771975e-07
B_z,5,case_i_center,20.0,0.5,period_nm+,-6.471213886437288e-05,1.3224580079308082e-06
B_z,5,case_i_center,20.0,0.5,period_nm-,-3.130257462333197e-07,-1.1220003657939502e-06
B_z,5,case_i_center,20.0,1.0,baseline,-7.017480743634619e-05,-3.994615021557756e-06
B_z,5,case_i_center,20.0,1.0,depth_nm+,0.00033995176463053056,-1.4858081284844496e-07
B_z,5,case_i_center,20.0,1.0,depth_nm-,0.00012858003440274768,1.877856000519542e-06
B_z,5,case_i_center,20.0,1.0,half_x_nm+,-0.0002656200828355382,4.386605898344797e-06
B_z,5,case_i_center,20.0,1.0,half_x_nm-,-0.00016480855704231745,-4.415167909104117e-06
B_z,5,case_i_center,20.0,1.0,half_z_nm+,-2.9291296101241482e-05,-1.3817027909976529e-05
B_z,5,case_i_center,20.0,1.0,half_z_nm-,-0.00017832833283763783,2.1185732547751606e-06
B_z,5,case_i_center,20.0,1.0,period_nm+,-0.00025486207585168064,6.2293585523112656e-06
B_z,5,case_i_center,20.0,1.0,period_nm-,3.839738836378115e-05,-3.834966385505518e-06
A,5,case_ii_edge,5.0,0.5,baseline,0.004313651508831687,0.017186514204887066
A,5,case_ii_edge,5.0,0.5,depth_nm+,-0.0008380312690463299,-0.005075515384223683
A,5,case_ii_edge,5.0,0.5,depth_nm-,-0.0008334014972614934,-0.004897104883087949
A,5,case_ii_edge,5.0,0.5,half_x_nm+,0.0025608282704592325,0.011267020045550219
A,5,case_ii_edge,5.0,0.5,half_x_nm-,0.0008716433489233816,0.004828535040007548
A,5,case_ii_edge,5.0,0.5,half_z_nm+,0.0031481968129003293,0.015202877993494512
A,5,case_ii_edge,5.0,0.5,half_z_nm-,-0.0002490753516213029,-0.0010287998962355688
A,5,case_ii_edge,5.0,0.5,period_nm+,-0.0009055025431187608,-0.006252310647287665
A,5,case_ii_edge,5.0,0.5,period_nm-,0.0003238871022129691,6.0117481216934946e-05
A,5,case_ii_edge,5.0,1.0,baseline,0.00930354340143752,0.059870110760167405
A,5,case_ii_edge,5.0,1.0,depth_nm+,0.013562417054922782,0.1406434847521293
A,5,case_ii_edge,5.0,1.0,depth_nm-,-0.005841445544488455,-0.049414216124844174
A,5,case_ii_edge,5.0,1.0,half_x_nm+,-0.000547776845860215,-0.012667445867864613
A,5,case_ii_edge,5.0,1.0,half_x_nm-,0.007964563621660564,0.06572051197102144
A,5,case_ii_edge,5.0,1.0,half_z_nm+,-0.0016831716908436434,-0.002947347275452039
A,5,case_ii_edge,5.0,1.0,half_z_nm-,-0.004576898756618708,-0.04890546223090948
A,5,case_ii_edge,5.0,1.0,period_nm+,-0.015249056659140836,-0.07600948663319274
A,5,case_ii_edge,5.0,1.0,period_nm-,0.002903058552200549,0.004458170988646684
A,5,case_ii_edge,10.0,0.5,baseline,-0.0008504162376033395,-0.0016238896508723247
A,5,case_ii_edge,10.0,0.5,depth_nm+,-0.0013150731755609962,-0.0071466024296070185
A,5,case_ii_edge,10.0,0.5,depth_nm-,0.00026833893032553874,-0.00039449348085315514
A,5,case_ii_edge,10.0,0.5,half_x_nm+,0.0007573183667042294,0.0009951268381497569
A,5,case_ii_edge,10.0,0.5,half_x_nm-,0.00047847649022803376,0.0022844722714956966
A,5,case_ii_edge,10.0,0.5,half_z_nm+,-0.000980831343778972,-0.0008268313228828039
A,5,case_ii_edge,10.0,0.5,half_z_nm-,-0.0003724038334403032,0.0003138278645550274
A,5,case_ii_edge,10.0,0.5,period_nm+,-0.000582853904551095,0.0008294939334409362
A,5,case_ii_edge,10.0,0.5,period_nm-,0.0003625907095642922,1.6625981353989835e-05
A,5,case_ii_edge,10.0,1.0,baseline,-0.0024432410516153913,-0.0012075189666451852
A,5,case_ii_edge,10.0,1.0,depth_nm+,-0.004639524366689268,-0.03047229912631569
A,5,case_ii_edge,10.0,1.0,depth_nm-,0.000514093147313599,-0.002959366291195472
A,5,case_ii_edge,10.0,1.0,half_x_nm+,0.0016086244125690652,-0.00027171954979428314
A,5,case_ii_edge,10.0,1.0,half_x_nm-,0.0017433038599288936,0.008304641272785726
A,5,case_ii_edge,10.0,1.0,half_z_nm+,-0.0022529895618685902,0.004737401289751517
A,5,case_ii_edge,10.0,1.0,half_z_nm-,-0.0008651559043129364,0.004363140101091373
A,5,case_ii_edge,10.0,1.0,period_nm+,-0.0006380020315982643,0.008870974932286377
A,5,case_ii_edge,10.0,1.0,period_nm-,0.0012833213096129364,0.00019037219969203235
A,5,case_ii_edge,20.0,0.5,baseline,-2.8911145683627876e-05,-0.00047654927885552867
A,5,case_ii_edge,20.0,0.5,depth_nm+,-5.892758285536842e-05,-0.0007406875884316405
A,5,case_ii_edge,20.0,0.5,depth_nm-,8.10030765905044e-05,-4.529372198004526e-05
A,5,case_ii_edge,20.0,0.5,half_x_nm+,0.00011434299575415613,5.8685671058201355e-05
A,5,case_ii_edge,20.0,0.5,half_x_nm-,-0.00016763835160032992,-0.0001999058140838405
A,5,case_ii_edge,20.0,0.5,half_z_nm+,-0.0002017601509452585,-0.0006941416387806487
A,5,case_ii_edge,20.0,0.5,half_z_nm-,-9.689632669446918e-05,-0.00029095947551521784
A,5,case_ii_edge,20.0,0.5,period_nm+,-0.00017847431322652596,-0.00042260600721710003
A,5,case_ii_edge,20.0,0.5,period_nm-,-6.675625509067196e-05,1.731649488228491e-07
A,5,case_ii_edge,20.0,1.0,baseline,-0.00010764302459669028,-0.0019305606689946145
A,5,case_ii_edge,20.0,1.0,depth_nm+,-1.8820202667746422e-05,-0.003298715878794156
A,5,case_ii_edge,20.0,1.0,depth_nm-,0.0006575683204245314,-0.00024273935720758606
A,5,case_ii_edge,20.0,1.0,half_x_nm+,0.0010281426309064756,1.0321999148795585e-05
A,5,case_ii_edge,20.0,1.0,half_x_nm-,-0.0009932136277283204,-0.0005970201662791556
A,5,case_ii_edge,20.0,1.0,half_z_nm+,-0.0008340555940613281,-0.002764898319796958
A,5,case_ii_edge,20.0,1.0,half_z_nm-,-0.00046736746914335936,-0.0011142933452696693
A,5,case_ii_edge,20.0,1.0,period_nm+,-0.0008532494780024991,-0.0015855207224075582
A,5,case_ii_edge,20.0,1.0,period_nm-,-0.000480184855562768,1.959013052350971e-06
A_pocket,5,case_ii_edge,5.0,0.5,baseline,0.0008301108773582683,0.0032438131012242077
A_pocket,5,case_ii_edge,5.0,0.5,depth_nm+,-0.00025476865108367726,-0.001064153881794927
A_pocket,5,case_ii_edge,5.0,0.5,depth_nm-,-0.00011193559387894653,-0.0006673038232407752
A_pocket,5,case_ii_edge,5.0,0.5,half_x_nm+,0.0005293090639411193,0.0021489110270826173
A_pocket,5,case_ii_edge,5.0,0.5,half_x_nm-,0.0001435170359496054,0.0006925291623012808
A_pocket,5,case_ii_edge,5.0,0.5,half_z_nm+,0.0006764559077724174,0.0030020931773984683
A_pocket,5,case_ii_edge,5.0,0.5,half_z_nm-,-7.46803438825272e-07,6.426438814391422e-05
A_pocket,5,case_ii_edge,5.0,0.5,period_nm+,4.493200789341609e-05,-0.0004825725217650484
A_pocket,5,case_ii_edge,5.0,0.5,period_nm-,4.319252207158307e-05,3.2429039786537397e-06
A_pocket,5,case_ii_edge,5.0,1.0,baseline,0.003468599415715798,0.01286278919985101
A_pocket,5,case_ii_edge,5.0,1.0,depth_nm+,0.0006505948256056576,0.006173071268150365
A_pocket,5,case_ii_edge,5.0,1.0,depth_nm-,-0.000952446826832265,-0.005761300951161022
A_pocket,5,case_ii_edge,5.0,1.0,half_x_nm+,0.0014638162143902136,0.003176740144935075
A_pocket,5,case_ii_edge,5.0,1.0,half_x_nm-,0.0011496192265596783,0.007798723655214779
A_pocket,5,case_ii_edge,5.0,1.0,half_z_nm+,0.001967172020375496,0.006728809392929247
A_pocket,5,case_ii_edge,5.0,1.0,half_z_nm-,-0.00047486436189234094,-0.004048032458327938
A_pocket,5,case_ii_edge,5.0,1.0,period_nm+,-0.001761203990537752,-0.008566960173946508
A_pocket,5,case_ii_edge,5.0,1.0,period_nm-,0.00048449007238079295,0.000204675202096356
A_pocket,5,case_ii_edge,10.0,0.5,baseline,-0.0001513805955555246,-0.0002474377825540039
A_pocket,5,case_ii_edge,10.0,0.5,depth_nm+,-0.00020845623202281165,-0.0009273035582368638
A_pocket,5,case_ii_edge,10.0,0.5,depth_nm-,5.0631693889777e-05,-2.621596623670827e-05
A_pocket,5,case_ii_edge,10.0,0.5,half_x_nm+,0.00014022741649631545,0.00025414332464326894
A_pocket,5,case_ii_edge,10.0,0.5,half_x_nm-,9.008295697817553e-05,0.0004190897065227059
A_pocket,5,case_ii_edge,10.0,0.5,half_z_nm+,-0.00017488525450451778,-6.247525708973078e-05
A_pocket,5,case_ii_edge,10.0,0.5,half_z_nm-,-6.835405208503384e-05,6.343390344944189e-05
A_pocket,5,case_ii_edge,10.0,0.5,period_nm+,-0.00011894930432299142,0.00013780132771488984
A_pocket,5,case_ii_edge,10.0,0.5,period_nm-,6.0339358871004493e-05,1.3899909941271417e-06
A_pocket,5,case_ii_edge,10.0,1.0,baseline,-0.0005394070860020306,-0.0006491418067283913
A_pocket,5,case_ii_edge,10.0,1.0,depth_nm+,-0.0009005448866267751,-0.003999692361187607
A_pocket,5,case_ii_edge,10.0,1.0,depth_nm-,0.0001585127620069432,-0.0002937464373667896
A_pocket,5,case_ii_edge,10.0,1.0,half_x_nm+,0.00046177781747666277,0.00036404052080038496
A_pocket,5,case_ii_edge,10.0,1.0,half_x_nm-,0.00039254232959837904,0.0015049651488644733
A_pocket,5,case_ii_edge,10.0,1.0,half_z_nm+,-0.0005472088198319146,0.00028437487918421545
A_pocket,5,case_ii_edge,10.0,1.0,half_z_nm-,-0.00023055382173773134,0.0004764734988549138
A_pocket,5,case_ii_edge,10.0,1.0,period_nm+,-0.00035511313060868077,0.0009596614790962667
A_pocket,5,case_ii_edge,10.0,1.0,period_nm-,0.00024947417223197994,8.714677364462424e-06
A_pocket,5,case_ii_edge,20.0,0.5,baseline,6.071256932364995e-06,-5.943223483631868e-05
A_pocket,5,case_ii_edge,20.0,0.5,depth_nm+,-4.089348193180541e-06,-7.718257998377831e-05
A_pocket,5,case_ii_edge,20.0,0.5,depth_nm-,1.5012902970955831e-05,1.9420771462759154e-06
A_pocket,5,case_ii_edge,20.0,0.5,half_x_nm+,1.0340162720140489e-05,3.4717797273098316e-05
A_pocket,5,case_ii_edge,20.0,0.5,half_x_nm-,-3.781599911279517e-05,-2.2123620551133677e-05
A_pocket,5,case_ii_edge,20.0,0.5,half_z_nm+,-4.138235085155914e-05,-8.443906254395825e-05
A_pocket,5,case_ii_edge,20.0,0.5,half_z_nm-,-2.2296258143995537e-05,-3.680544849731654e-05
A_pocket,5,case_ii_edge,20.0,0.5,period_nm+,-2.805290046093041e-05,-5.080514800189992e-05
A_pocket,5,case_ii_edge,20.0,0.5,period_nm-,-8.723659962891605e-06,-6.809078609700863e-09
A_pocket,5,case_ii_edge,20.0,1.0,baseline,3.710369100240474e-05,-0.00025673689720447784
A_pocket,5,case_ii_edge,20.0,1.0,depth_nm+,8.181377718952804e-06,-0.00041157051740531303
A_pocket,5,case_ii_edge,20.0,1.0,depth_nm-,0.00013656539728296863,-1.2380881218802126e-05
A_pocket,5,case_ii_edge,20.0,1.0,half_x_nm+,0.00016269986297116033,6.45374639473631e-05
A_pocket,5,case_ii_edge,20.0,1.0,half_x_nm-,-0.00021836468942611903,-8.700044973862855e-05
A_pocket,5,case_ii_edge,20.0,1.0,half_z_nm+,-0.000172360322063473,-0.00036433117750115165
A_pocket,5,case_ii_edge,20.0,1.0,half_z_nm-,-9.545328628281571e-05,-0.00015289586308998154
A_pocket,5,case_ii_edge,20.0,1.0,period_nm+,-0.00010082207207678939,-0.0002101415794272801
A_pocket,5,case_ii_edge,20.0,1.0,period_nm-,-7.722425228124698e-05,-6.281204743748895e-08
B_x,5,case_ii_edge,5.0,0.5,baseline,0.007451181537523206,0.034245929146748094
B_x,5,case_ii_edge,5.0,0.5,depth_nm+,-0.0027244406644919006,-0.008373796030941905
B_x,5,case_ii_edge,5.0,0.5,depth_nm-,-0.0016762252317572557,-0.009650652279495422
B_x,5,case_ii_edge,5.0,0.5,half_x_nm+,0.0053197758743926404,0.027787342639417206
B_x,5,case_ii_edge,5.0,0.5,half_x_nm-,0.0009984056773960776,0.008245702825332657
B_x,5,case_ii_edge,5.0,0.5,half_z_nm+,0.006199888786353101,0.03063304175532805
B_x,5,case_ii_edge,5.0,0.5,half_z_nm-,-0.00011900282932982009,-0.0007647138457434893
B_x,5,case_ii_edge,5.0,0.5,period_nm+,-0.0002884688416145559,-0.0037890173030889762
B_x,5,case_ii_edge,5.0,0.5,period_nm-,0.0012513139763490333,0.0006042893852266275
B_x,5,case_ii_edge,5.0,1.0,baseline,0.020450499277760728,0.17172339858632962
B_x,5,case_ii_edge,5.0,1.0,depth_nm+,0.003092841189034662,0.13422283376465893
B_x,5,case_ii_edge,5.0,1.0,depth_nm-,-0.007270292855457994,-0.04592726369337603
B_x,5,case_ii_edge,5.0,1.0,half_x_nm+,0.005410710291269549,0.1808701602835312
B_x,5,case_ii_edge,5.0,1.0,half_x_nm-,0.0068671452256092586,0.10451899552444185
B_x,5,case_ii_edge,5.0,1.0,half_z_nm+,0.011198054601249452,0.14024178135644133
B_x,5,case_ii_edge,5.0,1.0,half_z_nm-,-0.004128026623335446,-0.0036237234878484514
B_x,5,case_ii_edge,5.0,1.0,period_nm+,-0.006694055191547255,-0.03491779078142829
B_x,5,case_ii_edge,5.0,1.0,period_nm-,0.008019625398134222,0.02856112509936408
B_x,5,case_ii_edge,10.0,0.5,baseline,-0.001489485556341888,-0.0026758690566621376
B_x,5,case_ii_edge,10.0,0.5,depth_nm+,-0.002288223942738671,-0.011449092600812116
B_x,5,case_ii_edge,10.0,0.5,depth_nm-,0.0004711565811216095,-0.0009289882645322663
B_x,5,case_ii_edge,10.0,0.5,half_x_nm+,0.0015316898703234827,0.0016016035035212872
B_x,5,case_ii_edge,10.0,0.5,half_x_nm-,0.0009493995089393161,0.0037319164785666117
B_x,5,case_ii_edge,10.0,0.5,half_z_nm+,-0.0014925663161345845,-0.001112236994385174
B_x,5,case_ii_edge,10.0,0.5,half_z_nm-,-0.0006882689952859775,0.0008091736159098334
B_x,5,case_ii_edge,10.0,0.5,period_nm+,-0.0005932871421815145,0.0009936561332923519
B_x,5,case_ii_edge,10.0,0.5,period_nm-,0.0010933986099933932,0.0001476249081402543
B_x,5,case_ii_edge,10.0,1.0,baseline,-0.0043297357408015325,-0.0016672318273102602
B_x,5,case_ii_edge,10.0,1.0,depth_nm+,-0.008058643360762813,-0.04933107775274598
B_x,5,case_ii_edge,10.0,1.0,depth_nm-,0.001085381848174305,-0.003938622542410501
B_x,5,case_ii_edge,10.0,1.0,half_x_nm+,0.0037250523191817153,0.007133588918932551
B_x,5,case_ii_edge,10.0,1.0,half_x_nm-,0.003282675426757668,0.014344868177254104
B_x,5,case_ii_edge,10.0,1.0,half_z_nm+,-0.003988299820907593,0.008313835088281249
B_x,5,case_ii_edge,10.0,1.0,half_z_nm-,-0.0017855830512197302,0.008807443232708413
B_x,5,case_ii_edge,10.0,1.0,period_nm+,-0.0015662953894951814,0.007720644715269558
B_x,5,case_ii_edge,10.0,1.0,period_nm-,0.0034621232752621647,0.0017695717897536515
B_x,5,case_ii_edge,20.0,0.5,baseline,-0.0001374030047094285,-0.0008987125778762706
B_x,5,case_ii_edge,20.0,0.5,depth_nm+,-0.00011921561380740311,-0.0014824004748861808
B_x,5,case_ii_edge,20.0,0.5,depth_nm-,0.00014087852971343684,-0.00014062022878025358
B_x,5,case_ii_edge,20.0,0.5,half_x_nm+,0.000250566194831707,-0.00012993458666299418
B_x,5,case_ii_edge,20.0,0.5,half_x_nm-,-0.0002450282968821729,-0.0002616758516614647
B_x,5,case_ii_edge,20.0,0.5,half_z_nm+,-0.00031490885886718833,-0.0012928132689850463
B_x,5,case_ii_edge,20.0,0.5,half_z_nm-,-0.00019579254244282002,-0.0005629594307387069
B_x,5,case_ii_edge,20.0,0.5,period_nm+,-0.0002078752422473365,-0.0003838273278628209
B_x,5,case_ii_edge,20.0,0.5,period_nm-,-0.00023904467098918164,1.2556064668071714e-06
B_x,5,case_ii_edge,20.0,1.0,baseline,-0.00047014657084465394,-0.0036352154687808672
B_x,5,case_ii_edge,20.0,1.0,depth_nm+,0.00012603521308174326,-0.00589487041736126
B_x,5,case_ii_edge,20.0,1.0,depth_nm-,0.001175276569591932,-0.0004942325605694336
B_x,5,case_ii_edge,20.0,1.0,half_x_nm+,0.0021331198009258145,-0.00030369246065097347
B_x,5,case_ii_edge,20.0,1.0,half_x_nm-,-0.0015732668169039232,-0.0007629931983484592
B_x,5,case_ii_edge,20.0,1.0,half_z_nm+,-0.0012887377381302356,-0.005102492587788162
B_x,5,case_ii_edge,20.0,1.0,half_z_nm-,-0.000953510820283221,-0.0022107194812864394
B_x,5,case_ii_edge,20.0,1.0,period_nm+,-0.0009436225840428469,-0.0014729228594038543
B_x,5,case_ii_edge,20.0,1.0,period_nm-,-0.0016590654475888422,4.6354111410331675e-06
B_z,5,case_ii_edge,5.0,0.5,baseline,0.00420159472260832,0.01827456128113472
B_z,5,case_ii_edge,5.0,0.5,depth_nm+,-0.0014617934974445468,-0.007294566606477537
B_z,5,case_ii_edge,5.0,0.5,depth_nm-,-0.0007012233415502472,-0.00418479934583714
B_z,5,case_ii_edge,5.0,0.5,half_x_nm+,0.0029366325255736347,0.012955074449826243
B_z,5,case_ii_edge,5.0,0.5,half_x_nm-,0.000584141032798885,0.0038362261964849653
B_z,5,case_ii_edge,5.0,0.5,half_z_nm+,0.003608945144440684,0.017252375415643062
B_z,5,case_ii_edge,5.0,0.5,half_z_nm-,3.809875079512082e-05,-0.0004353252472708985
B_z,5,case_ii_edge,5.0,0.5,period_nm+,-0.00013076090062894008,-0.003451280613876312
B_z,5,case_ii_edge,5.0,0.5,period_nm-,0.00021842679014140443,4.4157012287691444e-05
B_z,5,case_ii_edge,5.0,1.0,baseline,0.013782064410705924,0.09385643421151957
B_z,5,case_ii_edge,5.0,1.0,depth_nm+,0.0006945088630604945,0.05707949800961243
B_z,5,case_ii_edge,5.0,1.0,depth_nm-,-0.003000614967935411,-0.028793785802183745
B_z,5,case_ii_edge,5.0,1.0,half_x_nm+,0.008397143728817336,0.06189713493815985
B_z,5,case_ii_edge,5.0,1.0,half_x_nm-,0.0027912037407454016,0.0507559268690031
B_z,5,case_ii_edge,5.0,1.0,half_z_nm+,0.00894556744239064,0.0759421502260113
B_z,5,case_ii_edge,5.0,1.0,half_z_nm-,-0.0002955413452035982,-0.007556668359321311
B_z,5,case_ii_edge,5.0,1.0,period_nm+,-0.004329520629686723,-0.026664951528429043
B_z,5,case_ii_edge,5.0,1.0,period_nm-,0.0010066996544343398,0.002931973584891092
B_z,5,case_ii_edge,10.0,0.5,baseline,-0.0008087970161196611,-0.0014545939040770395
B_z,5,case_ii_edge,10.0,0.5,depth_nm+,-0.001359774886304732,-0.006799376721195016
B_z,5,case_ii_edge,10.0,0.5,depth_nm-,0.00023269138557140134,-0.00043142872805414234
B_z,5,case_ii_edge,10.0,0.5,half_x_nm+,0.0007304185763974402,0.0006907813006815505
B_z,5,case_ii_edge,10.0,0.5,half_x_nm-,0.000521167758875174,0.0022124863998555927
B_z,5,case_ii_edge,10.0,0.5,half_z_nm+,-0.0008811308170645765,-0.000627088449444077
B_z,5,case_ii_edge,10.0,0.5,half_z_nm-,-0.00035165356962486155,0.00033017681873230564
B_z,5,case_ii_edge,10.0,0.5,period_nm+,-0.0005893811453632838,0.000985134439371458
B_z,5,case_ii_edge,10.0,0.5,period_nm-,0.00033672032166686544,1.8664431829435663e-05
B_z,5,case_ii_edge,10.0,1.0,baseline,-0.002561196320248871,-0.003453335333064883
B_z,5,case_ii_edge,10.0,1.0,depth_nm+,-0.004535934842388317,-0.029983151317202777
B_z,5,case_ii_edge,10.0,1.0,depth_nm-,0.0007395257619829676,-0.0019221111523056791
B_z,5,case_ii_edge,10.0,1.0,half_x_nm+,0.002234856832540655,0.002136282191671751
B_z,5,case_ii_edge,10.0,1.0,half_x_nm-,0.0017577596441871457,0.008802757362015766
B_z,5,case_ii_edge,10.0,1.0,half_z_nm+,-0.0025659898985601337,0.0020246815383436895
B_z,5,case_ii_edge,10.0,1.0,half_z_nm-,-0.0011391189197653417,0.0029426329351478
B_z,5,case_ii_edge,10.0,1.0,period_nm+,-0.0016842185722268366,0.007462756035615754
B_z,5,case_ii_edge,10.0,1.0,period_nm-,0.001122776970213707,0.00022787188377324858
B_z,5,case_ii_edge,20.0,0.5,baseline,-5.45760977282983e-05,-0.000456816837021156
B_z,5,case_ii_edge,20.0,0.5,depth_nm+,-7.684392759358186e-05,-0.0008779997358497119
B_z,5,case_ii_edge,20.0,0.5,depth_nm-,6.0985273017961916e-05,-6.606804322785865e-05
B_z,5,case_ii_edge,20.0,0.5,half_x_nm+,8.404057025883718e-05,-6.429665966326686e-05
B_z,5,case_ii_edge,20.0,0.5,half_x_nm-,-0.0001628989592412991,-0.00014148778187733288
B_z,5,case_ii_edge,20.0,0.5,half_z_nm+,-0.00020999352443099722,-0.0007043502729680816
B_z,5,case_ii_edge,20.0,0.5,half_z_nm-,-0.00011560810645769304,-0.0002686049797090591
B_z,5,case_ii_edge,20.0,0.5,period_nm+,-0.0002122248083678835,-0.0003740956942163802
B_z,5,case_ii_edge,20.0,0.5,period_nm-,-7.113219884501837e-05,6.706692437020384e-08
B_z,5,case_ii_edge,20.0,1.0,baseline,-0.00017664326084128323,-0.0017957993338466507
B_z,5,case_ii_edge,20.0,1.0,depth_nm+,-3.5117211766244605e-05,-0.003478284813179057
B_z,5,case_ii_edge,20.0,1.0,depth_nm-,0.0005792485225290106,-0.00024210355448933771
B_z,5,case_ii_edge,20.0,1.0,half_x_nm+,0.0009398036668606391,-0.00021727519486315627
B_z,5,case_ii_edge,20.0,1.0,half_x_nm-,-0.0010036708445179399,-0.0004699186017433493
B_z,5,case_ii_edge,20.0,1.0,half_z_nm+,-0.000871272663135858,-0.002745008386368264
B_z,5,case_ii_edge,20.0,1.0,half_z_nm-,-0.0005468006212283882,-0.0010371864404213043
B_z,5,case_ii_edge,20.0,1.0,period_nm+,-0.0009321254061204487,-0.0014563726051719048
B_z,5,case_ii_edge,20.0,1.0,period_nm-,-0.0005178966013157371,7.69904416846595e-07
